run_id,kappa,concentration,mu,outside_mid_ratio,delta_passive,delta_active,trading_effect,trading_relief_ratio,dealer_trade_count,trader_dealer_trade_count,n_traders_using_dealer,total_face_traded,total_cash_volume,dealer_active_fraction,dealer_empty_fraction,vbt_usage_fraction,mean_debt_to_money,final_debt_to_money,debt_shrink_rate,frac_defaulted_that_traded,frac_repaid_that_traded
balanced_active_1803b5543cbe,0.25,0.2,0.0,1.0,0.0,0.0,0.0,0.0,0,0,0,0.0,0.0,0.0,1.0,0.0,0.000634920634920625,0.0,1.0,,0.0
balanced_active_b989bfa78007,0.25,0.2,0.25,1.0,0.966395519402587,1.0,-0.0336044805974129,-0.0347730095211811,2,2,2,8.0,8.0,0.0,1.0,0.0,0.0022857117057258503,0.0020317408717692,0.2,,
balanced_active_91b27551f631,0.25,0.2,0.5,1.0,1.0,1.0,0.0,0.0,2,2,2,582.0,582.0,0.0,1.0,0.0,0.00228684687481335,0.0020340112099442,0.2,,
balanced_active_14aa711196d1,0.25,0.2,0.75,1.0,0.0,0.0,0.0,0.0,0,0,0,0.0,0.0,0.0,1.0,0.0,0.0009235209235209092,0.0,1.0,,0.0
balanced_active_300f111c7d72,0.25,0.2,1.0,1.0,0.872849713295106,0.872849713295106,0.0,0.0,2,2,2,132.0,132.0,0.0,1.0,0.0,0.002032042590353633,0.0015241908134479,0.4,,0.0
balanced_active_41803e93f627,0.25,0.5,0.0,1.0,0.0,0.0,0.0,0.0,0,0,0,0.0,0.0,0.0,1.0,0.0,0.000634920634920625,0.0,1.0,,0.0
balanced_active_f6d9f090be28,0.25,0.5,0.25,1.0,0.0,0.0,0.0,0.0,0,0,0,0.0,0.0,0.0,1.0,0.0,0.0010582010582010418,0.0,1.0,,0.0
balanced_active_4134a5e35c69,0.25,0.5,0.5,1.0,0.8345669133826765,1.0,-0.1654330866173234,-0.1982262703739213,2,2,2,1004.0,1004.0,0.0,1.0,0.0,0.0022870033368162504,0.00203432413395,0.2,,
balanced_active_a8d2f193e6bc,0.25,0.5,0.75,1.0,0.0,0.0,0.0,0.0,0,0,0,0.0,0.0,0.0,1.0,0.0,0.0009235209235209092,0.0,1.0,,0.0
balanced_active_37f39bf6776f,0.25,0.5,1.0,1.0,0.0,0.0,0.0,0.0,0,0,0,0.0,0.0,0.0,1.0,0.0,0.001172161172161154,0.0,1.0,,0.0
balanced_active_e609f2b34c54,0.25,1.0,0.0,1.0,0.0,0.0,0.0,0.0,0,0,0,0.0,0.0,0.0,1.0,0.0,0.000634920634920625,0.0,1.0,,0.0
balanced_active_aebcaf26d260,0.25,1.0,0.25,1.0,0.0,0.0,0.0,0.0,0,0,0,0.0,0.0,0.0,1.0,0.0,0.0010582010582010418,0.0,1.0,,0.0
balanced_active_0c42b6b6e2b1,0.25,1.0,0.5,1.0,0.0,0.0,0.0,0.0,0,0,0,0.0,0.0,0.0,1.0,0.0,0.0010582010582010418,0.0,1.0,,0.0
balanced_active_1567e8a5c8cf,0.25,1.0,0.75,1.0,0.0,0.0,0.0,0.0,0,0,0,0.0,0.0,0.0,1.0,0.0,0.0009235209235209092,0.0,1.0,,0.0
balanced_active_7c443aa28f58,0.25,1.0,1.0,1.0,0.0,0.0,0.0,0.0,0,0,0,0.0,0.0,0.0,1.0,0.0,0.001172161172161154,0.0,1.0,,0.0
balanced_active_b288fa159885,0.25,2.0,0.0,1.0,0.0,0.0,0.0,0.0,0,0,0,0.0,0.0,0.0,1.0,0.0,0.000634920634920625,0.0,1.0,,0.0
balanced_active_5844ed242c39,0.25,2.0,0.25,1.0,0.0,0.0,0.0,0.0,0,0,0,0.0,0.0,0.0,1.0,0.0,0.0010582010582010418,0.0,1.0,,0.0
balanced_active_84dfeb0e915a,0.25,2.0,0.5,1.0,0.0,0.0,0.0,0.0,0,0,0,0.0,0.0,0.0,1.0,0.0,0.0010582010582010418,0.0,1.0,,0.0
balanced_active_744d4f8ecd8a,0.25,2.0,0.75,1.0,0.0,0.0,0.0,0.0,0,0,0,0.0,0.0,0.0,1.0,0.0,0.0009235209235209092,0.0,1.0,,0.0
balanced_active_b47ae0212505,0.25,2.0,1.0,1.0,0.0,0.0,0.0,0.0,0,0,0,0.0,0.0,0.0,1.0,0.0,0.001172161172161154,0.0,1.0,,0.0
balanced_active_5da601867f68,0.25,5.0,0.0,1.0,0.0,0.0,0.0,0.0,0,0,0,0.0,0.0,0.0,1.0,0.0,0.000634920634920625,0.0,1.0,,0.0
balanced_active_78e0266395c8,0.25,5.0,0.25,1.0,0.0,0.0,0.0,0.0,0,0,0,0.0,0.0,0.0,1.0,0.0,0.0010582010582010418,0.0,1.0,,0.0
balanced_active_7bbb12d2b1db,0.25,5.0,0.5,1.0,0.0,0.0,0.0,0.0,0,0,0,0.0,0.0,0.0,1.0,0.0,0.0010582010582010418,0.0,1.0,,0.0
balanced_active_77e955149f86,0.25,5.0,0.75,1.0,0.0,0.0,0.0,0.0,0,0,0,0.0,0.0,0.0,1.0,0.0,0.0009235209235209092,0.0,1.0,,0.0
balanced_active_86d660712087,0.25,5.0,1.0,1.0,0.0,0.0,0.0,0.0,0,0,0,0.0,0.0,0.0,1.0,0.0,0.001172161172161154,0.0,1.0,,0.0
balanced_active_545a16a1150b,0.5,0.2,0.0,1.0,1.0,1.0,0.0,0.0,3,2,2,7613.0,6851.7,0.0,1.0,0.0,0.0024242424242424,0.0,1.0,,0.0
balanced_active_bd9aa6341fdb,0.5,0.2,0.25,1.0,0.7211147409827321,0.7211147409827321,0.0,0.0,2,2,2,6170.0,6170.0,0.0,1.0,0.0,0.0034332565718017826,0.0019688818227907,0.6,,0.14295959837437247
balanced_active_6be08849dd69,0.5,0.2,0.5,1.0,0.6680890785438058,0.6680890785438058,0.0,0.0,2,2,2,6520.0,6520.0,0.0,1.0,0.0,0.0029460658279669375,0.0009852653565921,0.8,,0.14282844515869828
balanced_active_587023f39aac,0.5,0.2,0.75,1.0,0.6369940654797626,1.0,-0.3630059345202373,-0.5698733382183607,2,2,2,144.0,144.0,0.0,1.0,0.0,0.0043642853961942,0.0038800859439036,0.2,,
balanced_active_751ba9ed60f2,0.5,0.2,1.0,1.0,0.9666644442962864,0.9666644442962864,0.0,0.0,2,2,2,0.0,0.0,0.0,1.0,0.0,0.003878771423443766,0.0029090697522199,0.4,,0.0
balanced_active_42a4bef65d9c,0.5,0.5,0.0,1.0,0.9987998399786638,0.9987998399786638,0.0,0.0,2,2,2,36.0,36.0,0.0,1.0,0.0,0.0024242424242424,0.0,1.0,,0.0
balanced_active_902794fb60ad,0.5,0.5,0.25,1.0,0.0,0.0,0.0,0.0,0,0,0,0.0,0.0,0.0,1.0,0.0,0.0020202020202019833,0.0,1.0,,0.0
balanced_active_d153e9b786d5,0.5,0.5,0.5,1.0,0.3309995332399813,0.3309995332399813,0.0,0.0,2,1,1,45.0,40.5,0.0,1.0,0.0,0.0033945538772382,0.001939854801868,0.6,,0.4647662713046945
balanced_active_96b7b2038248,0.5,0.5,0.75,1.0,0.7234297906387518,0.7234297906387518,0.0,0.0,2,2,2,3874.0,3874.0,0.0,1.0,0.0,0.0029391427572320003,0.0009835670534544,0.8,,0.12415621986499518
balanced_active_1f375311f4ec,0.5,0.5,1.0,1.0,0.7924918316996732,0.885377075415083,-0.0928852437154097,-0.1172065628944047,2,2,2,4718.0,4718.0,0.0,1.0,0.0,0.004409038883365499,0.0039695929182462,0.2,,1.0
balanced_active_3e4ad37c727d,0.5,1.0,0.0,1.0,0.0,0.1667000066680002,-0.1667000066680002,0.0,3,2,2,1203.0,1082.7,0.0,1.0,0.0,0.0024242424242424,0.0,1.0,,0.8081939665519725
balanced_active_aaf90b3988ed,0.5,1.0,0.25,1.0,0.9525936791572208,1.0,-0.047406320842779,-0.0497655211031007,2,2,2,422.0,422.0,0.0,1.0,0.0,0.0043656036096375,0.0038827223707902,0.2,,
balanced_active_914ec3c90338,0.5,1.0,0.5,1.0,0.8056815150706855,0.8056815150706855,0.0,0.0,2,2,2,3168.0,3168.0,0.0,1.0,0.0,0.00392038683881385,0.0029544715927556,0.4,,1.0
balanced_active_e30efcc2b536,0.5,1.0,0.75,1.0,0.6827365473094618,0.8911115556444622,-0.2083750083350003,-0.3052055864830549,2,2,2,5152.0,5152.0,0.0,1.0,0.0,0.00440061000884945,0.0039527351692141,0.2,,1.0
balanced_active_5c07f2d93501,0.5,1.0,1.0,1.0,0.6860038674401546,0.0,0.6860038674401546,1.0,2,2,2,2748.0,2748.0,0.0,1.0,0.0,0.002262943688187608,0.0,1.0,,0.5208375008335
balanced_active_2ed19b042237,0.5,2.0,0.0,1.0,0.0,0.9537271636218162,-0.9537271636218162,0.0,2,2,2,3918.0,3918.0,0.0,1.0,0.0,0.0024242424242424,0.0,1.0,,0.0
balanced_active_e33d279f07ff,0.5,2.0,0.25,1.0,0.0,0.0,0.0,0.0,2,2,2,4170.0,4170.0,0.0,1.0,0.0,0.0020450943216873334,0.0,1.0,,0.5032004267235631
balanced_active_afde2108bc42,0.5,2.0,0.5,1.0,0.0,0.0,0.0,0.0,0,0,0,0.0,0.0,0.0,1.0,0.0,0.0020202020202019833,0.0,1.0,,0.0
balanced_active_ac04fa8fa610,0.5,2.0,0.75,1.0,0.5306040805440725,0.1491532204293905,0.3814508601146819,0.7188992209097763,2,2,2,2474.0,2474.0,0.0,1.0,0.0,0.0029281950659307,0.0009785142728538,0.8,,0.5527779954549017
balanced_active_acfc53c3a692,0.5,2.0,1.0,1.0,1.0,0.0,1.0,1.0,2,2,2,5138.0,5138.0,0.0,1.0,0.0,0.0022612827231814465,0.0,1.0,,0.5265719810628793
balanced_active_19e837d7dc27,0.5,5.0,0.0,1.0,0.0,0.0,0.0,0.0,0,0,0,0.0,0.0,0.0,1.0,0.0,0.0012121212121212,0.0,1.0,,0.0
balanced_active_6137c6b5d7b1,0.5,5.0,0.25,1.0,0.0,0.0,0.0,0.0,0,0,0,0.0,0.0,0.0,1.0,0.0,0.0020202020202019833,0.0,1.0,,0.0
balanced_active_ea5544d35d8a,0.5,5.0,0.5,1.0,0.0,0.0,0.0,0.0,0,0,0,0.0,0.0,0.0,1.0,0.0,0.0020202020202019833,0.0,1.0,,0.0
balanced_active_e53e3aa37de8,0.5,5.0,0.75,1.0,0.0,0.0,0.0,0.0,0,0,0,0.0,0.0,0.0,1.0,0.0,0.0017630853994489999,0.0,1.0,,0.0
balanced_active_d1ce02ab9722,0.5,5.0,1.0,1.0,0.0,0.0,0.0,0.0,0,0,0,0.0,0.0,0.0,1.0,0.0,0.002237762237762215,0.0,1.0,,0.0
balanced_active_20799ffc0af1,1.0,0.2,0.0,1.0,0.8282437658354447,0.8282437658354447,0.0,0.0,5,4,4,10145.0,9130.5,0.0,1.0,0.0,0.0044444444444444,0.0,1.0,,0.8039596273291926
balanced_active_c146b693984a,1.0,0.2,0.25,1.0,0.8979197226296839,0.9665288705160688,-0.0686091478863848,-0.0764089997772332,4,2,2,5901.0,5015.849999999999,0.0,1.0,0.0,0.0069897647820993,0.0050906406753098,0.3,,0.0
balanced_active_a4b3a2f34b9c,1.0,0.2,0.5,1.0,0.8246432857714361,0.8246432857714361,0.0,0.0,2,2,2,0.0,0.0,0.0,1.0,0.0,0.004444397037669081,0.0,1.0,,0.19809885931558935
balanced_active_7038af36db61,1.0,0.2,0.75,1.0,1.0,1.0,0.0,0.0,4,3,3,6183.0,6027.0,0.0,1.0,0.0,0.00723158457985955,0.0055742802708303,0.3,,
balanced_active_5e36ea6d5dd9,1.0,0.2,1.0,1.0,0.7427657020936124,1.0,-0.2572342979063875,-0.3463195691202872,2,2,2,1248.0,1248.0,0.0,1.0,0.0,0.008019671694826501,0.0071504545007642,0.2,,
balanced_active_21a7b26c62c5,1.0,0.5,0.0,1.0,0.8209761301506867,0.8209761301506867,0.0,0.0,3,2,2,2685.0,2416.5,0.0,1.0,0.0,0.0044444444444444,0.0,1.0,,0.8916201117318435
balanced_active_5e9332a4a02a,1.0,0.5,0.25,1.0,0.363581810908121,1.0,-0.6364181890918789,-1.750412616908124,5,5,4,12225.0,11495.25,0.0,1.0,0.0,0.0065495266391329,0.004210164389377,0.4,,
balanced_active_fe7299281260,1.0,0.5,0.5,1.0,0.9437258301106815,0.9437258301106815,0.0,0.0,4,2,2,1927.0,1576.0,0.0,1.0,0.0,0.00739835500003275,0.0059078211111767,0.3,,0.0
balanced_active_ae56251c4605,1.0,0.5,0.75,1.0,1.0,1.0,0.0,0.0,4,3,3,157.0,137.65,0.0,1.0,0.0,0.0075592310036954,0.006229573118502,0.3,,
balanced_active_40a2695c4a64,1.0,0.5,1.0,1.0,1.0,0.7031406281256251,0.2968593718743748,0.2968593718743748,5,4,3,13828.0,13588.6,0.0,1.0,0.0,0.007181026883013,0.0054731648771372,0.3,,1.0
balanced_active_b58eedeed006,1.0,1.0,0.0,1.0,0.96165899846636,0.96165899846636,0.0,0.0,4,4,4,6285.0,5771.5,0.0,1.0,0.0,0.0044444444444444,0.0,1.0,,0.0
balanced_active_f097077f3250,1.0,1.0,0.25,1.0,0.4738631817575676,0.8972529670622749,-0.4233897853047072,-0.893485296186858,5,4,4,4663.0,4384.25,0.0,1.0,0.0,0.0068842176268642,0.0048795463648396,0.4,,0.0
balanced_active_41ec547917aa,1.0,1.0,0.5,1.0,1.0,0.7304486965797719,0.269551303420228,0.269551303420228,6,5,4,13772.0,12803.7,0.0,1.0,0.0,0.0065476818526249,0.004206474816361,0.4,,1.0
balanced_active_525c5d9f458c,1.0,1.0,0.75,1.0,0.8441021537640861,0.9189837967593518,-0.0748816429952657,-0.0887115885930958,6,5,4,7265.0,7202.700000000001,0.0,1.0,0.0,0.005917938209540334,0.0040902221195122,0.5,,0.0
balanced_active_7683aab6ab63,1.0,1.0,1.0,1.0,1.0,0.7297459491898379,0.270254050810162,0.270254050810162,5,3,3,6303.0,5232.799999999999,0.0,1.0,0.0,0.006675071448910601,0.0044612540089324,0.4,,1.0
balanced_active_edbfc6a1f487,1.0,2.0,0.0,1.0,0.6940925456727562,0.6940925456727562,0.0,0.0,4,4,4,8284.0,7718.4,0.0,1.0,0.0,0.0044444444444444,0.0,1.0,,0.7136006974716652
balanced_active_bec176208ce5,1.0,2.0,0.25,1.0,1.0,0.7322797892911915,0.2677202107088084,0.2677202107088084,6,5,4,11752.0,10793.0,0.0,1.0,0.0,0.0061526567319570005,0.0034164245750252,0.5,,1.0
balanced_active_d4dee9b6baab,1.0,2.0,0.5,1.0,0.845179357247633,0.8118415788771836,0.0333377783704493,0.0394446197538655,6,5,4,10118.0,9223.650000000001,0.0,1.0,0.0,0.006199916543556,0.0035109441982232,0.5,,1.0
balanced_active_2de0b43a2264,1.0,2.0,0.75,1.0,1.0,0.7584850303394012,0.2415149696605987,0.2415149696605987,6,5,5,14037.0,13249.45,0.0,1.0,0.0,0.00607559196760125,0.0032622950463137,0.5,,1.0
balanced_active_269c3b0edafc,1.0,2.0,1.0,1.0,0.7360805494432219,0.8889777955591118,-0.1528972461158898,-0.2077180904067397,6,5,4,12421.0,10940.100000000002,0.0,1.0,0.0,0.0061081487930902505,0.0033274086972917,0.5,,0.0
balanced_active_c365f3db463f,1.0,5.0,0.0,1.0,0.0,0.1000133351113481,-0.1000133351113481,0.0,5,4,4,7954.0,7158.6,0.0,1.0,0.0,0.0044444444444444,0.0,1.0,,0.907097347755223
balanced_active_0f463382545e,1.0,5.0,0.25,1.0,1.0,0.8249099879983997,0.1750900120016002,0.1750900120016002,5,3,3,5259.0,4562.65,0.0,1.0,0.0,0.0067321443083898005,0.0045753997278908,0.4,,1.0
balanced_active_b965955064c2,1.0,5.0,0.5,1.0,1.0,0.779303907187625,0.2206960928123749,0.2206960928123749,5,3,3,6000.0,5157.15,0.0,1.0,0.0,0.00668131263015165,0.0044737363714145,0.4,,1.0
balanced_active_74c8a7c54aa7,1.0,5.0,0.75,1.0,1.0,1.0,0.0,0.0,6,6,4,16237.0,15296.55,0.0,1.0,0.0,0.00663762730106505,0.0043863657132413,0.4,,
balanced_active_2accb5c7250c,1.0,5.0,1.0,1.0,1.0,0.7869049206560874,0.2130950793439125,0.2130950793439125,6,4,4,10349.0,9038.900000000001,0.0,1.0,0.0,0.0060729860474396,0.0032570832059904,0.5,,1.0
balanced_active_578f4bffa16c,2.0,0.2,0.0,1.0,0.9902647196105888,0.9902647196105888,0.0,0.0,5,4,4,11549.0,10394.1,0.0,1.0,0.0,0.0076190476190476,0.0,1.0,,0.0
balanced_active_af18c90d70e1,2.0,0.2,0.25,1.0,0.9666622216295506,0.9666622216295506,0.0,0.0,6,4,4,8313.0,7373.95,0.0,1.0,0.0,0.01005859561959405,0.0048790960010929,0.5,,0.0
balanced_active_ca971feb72b0,2.0,0.2,0.5,1.0,0.9203173968126958,0.8869773954790958,0.0333400013336,0.0362266338211853,6,5,4,19736.0,19302.949999999997,0.0,1.0,0.0,0.01036522528301155,0.0054923553279279,0.4,,1.0
balanced_active_b67ed249ca9f,2.0,0.2,0.75,1.0,1.0,1.0,0.0,0.0,2,1,1,450.0,382.5,0.0,1.0,0.0,0.013777963034043,0.0123178308299908,0.2,,
balanced_active_ef3d324ed0ca,2.0,0.2,1.0,1.0,0.927052077082083,1.0,-0.0729479229179169,-0.0786880529382147,5,4,4,8396.0,6754.4,0.0,1.0,0.0,0.0106691299712711,0.006100164704447,0.4,,
balanced_active_f322dde06506,2.0,0.5,0.0,1.0,1.0,1.0,0.0,0.0,4,4,4,10395.0,9367.5,0.0,1.0,0.0,0.0076190476190476,0.0,1.0,,
balanced_active_5723861c2950,2.0,0.5,0.25,1.0,0.9383251100146686,0.9383251100146686,0.0,0.0,6,4,4,8323.0,7409.05,0.0,1.0,0.0,0.01015733557766335,0.0050765759172315,0.5,,1.0
balanced_active_8d6a5d2b60ef,2.0,0.5,0.5,1.0,0.8949123157964926,0.8949123157964926,0.0,0.0,4,2,2,70.0,62.849999999999994,0.0,1.0,0.0,0.008959449098593837,0.0030507569690729,0.8,,0.0
balanced_active_355c59d4dc25,2.0,0.5,0.75,1.0,1.0,0.724696626216829,0.275303373783171,0.275303373783171,6,5,4,13106.0,12235.449999999999,0.0,1.0,0.0,0.0106015329738018,0.0059649707095084,0.4,,1.0
balanced_active_f49828849490,2.0,0.5,1.0,1.0,1.0,0.8190425390052006,0.1809574609947993,0.1809574609947993,6,4,4,10131.0,8883.2,0.0,1.0,0.0,0.009980621970460849,0.0047231487028265,0.5,,1.0
balanced_active_e8c91f9366c3,2.0,1.0,0.0,1.0,0.9809307907721028,0.9809307907721028,0.0,0.0,3,2,2,6437.0,5793.299999999999,0.0,1.0,0.0,0.0076190476190476,0.0,1.0,,0.0
balanced_active_50a91efda302,2.0,1.0,0.25,1.0,0.9433886777355472,0.910048676401947,0.0333400013336,0.035340684195646,5,3,3,9792.0,7923.050000000001,0.0,1.0,0.0,0.01058740248257335,0.0059367097270515,0.4,,1.0
balanced_active_ac2021f906db,2.0,1.0,0.5,1.0,1.0,1.0,0.0,0.0,6,4,4,9806.0,8338.25,0.0,1.0,0.0,0.0100428943931499,0.0048476935482046,0.5,,
balanced_active_48f11bd344b0,2.0,1.0,0.75,1.0,0.947259634617949,0.9139218562474996,0.0333377783704493,0.0351939184908847,7,5,5,12498.0,10791.95,0.0,1.0,0.0,0.00935211858469305,0.0034661419312909,0.6,,1.0
balanced_active_a2d76090d3a9,2.0,1.0,1.0,1.0,1.0,1.0,0.0,0.0,6,4,4,5875.0,4982.35,0.0,1.0,0.0,0.0105141717474946,0.005790248256894,0.5,,
balanced_active_a9255822ef1a,2.0,2.0,0.0,1.0,1.0,0.8789757951590318,0.1210242048409681,0.1210242048409681,5,4,4,11105.0,9994.5,0.0,1.0,0.0,0.0076190476190476,0.0,1.0,,1.0
balanced_active_62b5e3886e8a,2.0,2.0,0.25,1.0,1.0,1.0,0.0,0.0,7,5,5,12497.0,10754.0,0.0,1.0,0.0,0.0093549728816786,0.003471850525262,0.6,,
balanced_active_2729506d10a3,2.0,2.0,0.5,1.0,1.0,1.0,0.0,0.0,6,4,4,6994.0,6045.15,0.0,1.0,0.0,0.0103461666359757,0.0054542380338562,0.5,,
balanced_active_ac23b38b3df7,2.0,2.0,0.75,1.0,1.0,0.7364806294592251,0.2635193705407748,0.2635193705407748,7,5,5,12497.0,10897.4,0.0,1.0,0.0,0.00934427001099655,0.0034504447838979,0.6,,1.0
balanced_active_9635a206f96d,2.0,2.0,1.0,1.0,1.0,0.8065613122624524,0.1934386877375475,0.1934386877375475,6,4,4,8613.0,7491.200000000001,0.0,1.0,0.0,0.0101466852299582,0.0050552752218212,0.5,,1.0
balanced_active_6149e0c9f92d,2.0,5.0,0.0,1.0,0.803640485398053,0.803640485398053,0.0,0.0,6,5,5,12498.0,11248.2,0.0,1.0,0.0,0.0076190476190476,0.0,1.0,,1.0
balanced_active_6e7f7e6d4701,2.0,5.0,0.25,1.0,1.0,1.0,0.0,0.0,7,5,5,12497.0,10756.45,0.0,1.0,0.0,0.0093547469033609,0.0034713985686266,0.6,,
balanced_active_7ae346cf94c1,2.0,5.0,0.5,1.0,1.0,0.8203093745832777,0.1796906254167222,0.1796906254167222,7,5,5,12498.0,10778.3,0.0,1.0,0.0,0.00935316670100495,0.0034682381639147,0.6,,1.0
balanced_active_37c6eaa821f0,2.0,5.0,0.75,1.0,0.9184612307487164,0.885125675045003,0.0333355557037135,0.0362950058072009,7,5,5,12499.0,10783.7,0.0,1.0,0.0,0.0093527194999732,0.0034673437618512,0.6,,1.0
balanced_active_77260cc825f2,2.0,5.0,1.0,1.0,1.0,1.0,0.0,0.0,7,5,5,12497.0,10685.1,0.0,1.0,0.0,0.00936010709726655,0.0034821189564379,0.6,,
balanced_active_2d4666d7a4b4,4.0,0.2,0.0,1.0,1.0,1.0,0.0,0.0,5,4,4,12345.0,11110.5,0.0,1.0,0.0,0.01185185185185185,0.0,1.0,,
balanced_active_60ac044c5234,4.0,0.2,0.25,1.0,0.930790772102947,0.9656620882784372,-0.03487131617549,-0.0374641833810888,6,3,3,5068.0,4334.7,0.0,1.0,0.0,0.014868359307836268,0.0114932620751084,0.3,,0.0
balanced_active_3edaf89e707c,4.0,0.2,0.5,1.0,1.0,1.0,0.0,0.0,6,4,4,9023.0,8100.299999999999,0.0,1.0,0.0,0.015036196763109449,0.0063686898225152,0.5,,
balanced_active_ad1702ceaecb,4.0,0.2,0.75,1.0,0.9333288885925728,0.9333288885925728,0.0,0.0,4,2,2,0.0,0.0,0.0,1.0,0.0,0.01564436020449838,0.0094810320103343,0.6,,0.0
balanced_active_625ab07d750d,4.0,0.2,1.0,1.0,1.0,1.0,0.0,0.0,5,3,3,2017.0,1811.7,0.0,1.0,0.0,0.018224886832732698,0.0127460699617617,0.4,,
balanced_active_0af215e45bf3,4.0,0.5,0.0,1.0,1.0,1.0,0.0,0.0,6,5,5,12498.0,11248.2,0.0,1.0,0.0,0.01185185185185185,0.0,1.0,,
balanced_active_39278aa33557,4.0,0.5,0.25,1.0,1.0,1.0,0.0,0.0,7,5,5,12499.0,11086.400000000001,0.0,1.0,0.0,0.013992266628561949,0.0042808295534202,0.6,,
balanced_active_dc353881a035,4.0,0.5,0.5,1.0,0.9811962392478496,0.9811962392478496,0.0,0.0,6,4,4,12223.0,9927.699999999999,0.0,1.0,0.0,0.014621443946328149,0.0055391841889526,0.5,,1.0
balanced_active_7ffb420f73af,4.0,0.5,0.75,1.0,1.0,1.0,0.0,0.0,6,4,4,10786.0,9649.550000000001,0.0,1.0,0.0,0.014750097350635049,0.0057964909975664,0.5,,
balanced_active_ce4253b4ae6f,4.0,0.5,1.0,1.0,1.0,0.6686003867440155,0.3313996132559845,0.3313996132559845,6,4,4,11212.0,10006.15,0.0,1.0,0.0,0.01469149977337155,0.0056792958430394,0.5,,1.0
balanced_active_2f1267a595d1,4.0,1.0,0.0,1.0,1.0,1.0,0.0,0.0,6,5,5,12498.0,11248.199999999999,0.0,1.0,0.0,0.01185185185185185,0.0,1.0,,
balanced_active_255ca86d7d7d,4.0,1.0,0.25,1.0,0.9336578210428056,0.9598613148419788,-0.0262034937991732,-0.0280654145540241,7,4,4,5942.0,5075.450000000001,0.0,1.0,0.0,0.013473432003827966,0.0092534044817322,0.4,,0.0
balanced_active_5f9eb2d90195,4.0,1.0,0.5,1.0,1.0,1.0,0.0,0.0,7,6,5,13802.0,12209.55,0.0,1.0,0.0,0.0140287265491302,0.0043537493945567,0.6,,
balanced_active_df317913ad22,4.0,1.0,0.75,1.0,1.0,0.8983728994398505,0.1016271005601493,0.1016271005601493,7,5,5,12496.0,10771.45,0.0,1.0,0.0,0.014028850949304299,0.0043539981949049,0.6,,1.0
balanced_active_073c354e30c6,4.0,1.0,1.0,1.0,1.0,1.0,0.0,0.0,7,5,5,12498.0,10971.0,0.0,1.0,0.0,0.01400562980272955,0.0043075559017554,0.6,,
balanced_active_5befcb846c44,4.0,2.0,0.0,1.0,1.0,1.0,0.0,0.0,6,5,5,12498.0,11248.199999999999,0.0,1.0,0.0,0.01185185185185185,0.0,1.0,,
balanced_active_de61fc77528e,4.0,2.0,0.25,1.0,1.0,0.8217643528705741,0.1782356471294258,0.1782356471294258,7,5,5,12497.0,10612.9,0.0,1.0,0.0,0.014047848184537949,0.0043919926653722,0.6,,1.0
balanced_active_0c29466c14a3,4.0,2.0,0.5,1.0,1.0,0.847112948393119,0.1528870516068809,0.1528870516068809,7,5,5,12498.0,10770.35,0.0,1.0,0.0,0.01402908201592425,0.0043544603281448,0.6,,1.0
balanced_active_cd9645f57319,4.0,2.0,0.75,1.0,1.0,0.9364581944259234,0.0635418055740765,0.0635418055740765,7,5,5,12498.0,10885.8,0.0,1.0,0.0,0.0140155441928317,0.0043273846819597,0.6,,1.0
balanced_active_4306b443e4d0,4.0,2.0,1.0,1.0,1.0,0.8841101553644062,0.1158898446355937,0.1158898446355937,7,5,5,12497.0,10403.8,0.0,1.0,0.0,0.01407357829993145,0.0044434528961592,0.6,,1.0
balanced_active_fe8f99ef7f57,4.0,5.0,0.0,1.0,1.0,0.9171889585278036,0.0828110414721962,0.0828110414721962,6,5,5,12498.0,11248.2,0.0,1.0,0.0,0.01185185185185185,0.0,1.0,,1.0
balanced_active_a45ef3254a52,4.0,5.0,0.25,1.0,1.0,1.0,0.0,0.0,7,5,5,12499.0,10758.400000000001,0.0,1.0,0.0,0.01403050504475885,0.004357306385814,0.6,,
balanced_active_c41d3711cb68,4.0,5.0,0.5,1.0,1.0,1.0,0.0,0.0,7,5,5,12498.0,10608.949999999999,0.0,1.0,0.0,0.014048571782874799,0.0043934398620459,0.6,,
balanced_active_b536e1254b00,4.0,5.0,0.75,1.0,1.0,1.0,0.0,0.0,7,5,5,12498.0,10886.0,0.0,1.0,0.0,0.0140155441928317,0.0043273846819597,0.6,,
balanced_active_cde51a55da0f,4.0,5.0,1.0,1.0,1.0,1.0,0.0,0.0,7,5,5,12498.0,10570.05,0.0,1.0,0.0,0.014053159612103749,0.0044026155205038,0.6,,
balanced_active_4fceb08851f9,0.25,0.2,0.0,0.9,0.9698626483531136,0.9987331644219228,-0.0288705160688091,-0.0297676337137357,2,2,2,866.0,866.0,0.0,1.0,0.0,0.0012759170653907,0.0,1.0,,0.0
balanced_active_d37a7f3c0d56,0.25,0.2,0.25,0.9,0.0,0.0,0.0,0.0,0,0,0,0.0,0.0,0.0,1.0,0.0,0.0010632642211588835,0.0,1.0,,0.0
balanced_active_04dec00761a6,0.25,0.2,0.5,0.9,0.0,0.0,0.0,0.0,0,0,0,0.0,0.0,0.0,1.0,0.0,0.0010632642211588835,0.0,1.0,,0.0
balanced_active_dd3764af82fd,0.25,0.2,0.75,0.9,0.8941121557644862,0.8941121557644862,0.0,0.0,2,2,2,892.0,892.0,0.0,1.0,0.0,0.00173665225430868,0.0010219045234603,0.6,,0.0
balanced_active_a30796246d1b,0.25,0.2,1.0,0.9,0.0,0.0,0.0,0.0,0,0,0,0.0,0.0,0.0,1.0,0.0,0.001177769598822154,0.0,1.0,,0.0
balanced_active_65a1590ca409,0.25,0.5,0.0,0.9,0.0,0.0,0.0,0.0,0,0,0,0.0,0.0,0.0,1.0,0.0,0.00063795853269535,0.0,1.0,,0.0
balanced_active_c96492b7d8fa,0.25,0.5,0.25,0.9,0.0,0.0,0.0,0.0,0,0,0,0.0,0.0,0.0,1.0,0.0,0.0010632642211588835,0.0,1.0,,0.0
balanced_active_e1411f3b3902,0.25,0.5,0.5,0.9,0.0,0.0,0.0,0.0,0,0,0,0.0,0.0,0.0,1.0,0.0,0.0010632642211588835,0.0,1.0,,0.0
balanced_active_9dfb59e66cd0,0.25,0.5,0.75,0.9,0.0,0.0,0.0,0.0,0,0,0,0.0,0.0,0.0,1.0,0.0,0.0009279396839204728,0.0,1.0,,0.0
balanced_active_111b8a35af1e,0.25,0.5,1.0,0.9,0.0,0.0,0.0,0.0,0,0,0,0.0,0.0,0.0,1.0,0.0,0.001177769598822154,0.0,1.0,,0.0
balanced_active_b9b755bd0c77,0.25,1.0,0.0,0.9,0.0,0.0,0.0,0.0,0,0,0,0.0,0.0,0.0,1.0,0.0,0.00063795853269535,0.0,1.0,,0.0
balanced_active_7d4119931468,0.25,1.0,0.25,0.9,0.0,0.0,0.0,0.0,0,0,0,0.0,0.0,0.0,1.0,0.0,0.0010632642211588835,0.0,1.0,,0.0
balanced_active_3cdf1179eb22,0.25,1.0,0.5,0.9,0.0,0.0,0.0,0.0,0,0,0,0.0,0.0,0.0,1.0,0.0,0.0010632642211588835,0.0,1.0,,0.0
balanced_active_72da06666db5,0.25,1.0,0.75,0.9,0.0,0.0,0.0,0.0,0,0,0,0.0,0.0,0.0,1.0,0.0,0.0009279396839204728,0.0,1.0,,0.0
balanced_active_fab181191cf5,0.25,1.0,1.0,0.9,0.0,0.0,0.0,0.0,0,0,0,0.0,0.0,0.0,1.0,0.0,0.001177769598822154,0.0,1.0,,0.0
balanced_active_59527a69f2f8,0.25,2.0,0.0,0.9,0.0,0.0,0.0,0.0,0,0,0,0.0,0.0,0.0,1.0,0.0,0.00063795853269535,0.0,1.0,,0.0
balanced_active_37814a99c444,0.25,2.0,0.25,0.9,0.0,0.0,0.0,0.0,0,0,0,0.0,0.0,0.0,1.0,0.0,0.0010632642211588835,0.0,1.0,,0.0
balanced_active_a0fd575064eb,0.25,2.0,0.5,0.9,0.0,0.0,0.0,0.0,0,0,0,0.0,0.0,0.0,1.0,0.0,0.0010632642211588835,0.0,1.0,,0.0
balanced_active_66ee75a118a3,0.25,2.0,0.75,0.9,0.0,0.0,0.0,0.0,0,0,0,0.0,0.0,0.0,1.0,0.0,0.0009279396839204728,0.0,1.0,,0.0
balanced_active_5c372b055b64,0.25,2.0,1.0,0.9,0.0,0.0,0.0,0.0,0,0,0,0.0,0.0,0.0,1.0,0.0,0.001177769598822154,0.0,1.0,,0.0
balanced_active_d431bd9a6f67,0.25,5.0,0.0,0.9,0.0,0.0,0.0,0.0,0,0,0,0.0,0.0,0.0,1.0,0.0,0.00063795853269535,0.0,1.0,,0.0
balanced_active_b6584da35516,0.25,5.0,0.25,0.9,0.0,0.0,0.0,0.0,0,0,0,0.0,0.0,0.0,1.0,0.0,0.0010632642211588835,0.0,1.0,,0.0
balanced_active_f1a661b47520,0.25,5.0,0.5,0.9,0.0,0.0,0.0,0.0,0,0,0,0.0,0.0,0.0,1.0,0.0,0.0010632642211588835,0.0,1.0,,0.0
balanced_active_5ee10acac628,0.25,5.0,0.75,0.9,0.0,0.0,0.0,0.0,0,0,0,0.0,0.0,0.0,1.0,0.0,0.0009279396839204728,0.0,1.0,,0.0
balanced_active_f61de863aa6e,0.25,5.0,1.0,0.9,0.0,0.0,0.0,0.0,0,0,0,0.0,0.0,0.0,1.0,0.0,0.001177769598822154,0.0,1.0,,0.0
balanced_active_26bde501edce,0.5,0.2,0.0,0.9,0.8455024338200973,0.8455024338200973,0.0,0.0,2,2,2,574.0,574.0,0.0,1.0,0.0,0.0024464831804281,0.0,1.0,,0.660336642209754
balanced_active_30851e3df956,0.5,0.2,0.25,0.9,0.814841978930524,0.814841978930524,0.0,0.0,2,2,2,18.0,18.0,0.0,1.0,0.0,0.0029358764828053127,0.0009786339737677,0.8,,0.6319769535469931
balanced_active_4437612d204c,0.5,0.2,0.5,0.9,0.7185437087417483,0.7185437087417483,0.0,0.0,2,2,2,5386.0,5386.0,0.0,1.0,0.0,0.0029667669133303246,0.0009916404708308,0.8,,0.1246150201374082
balanced_active_83862836cca5,0.5,0.2,0.75,0.9,0.5617415655420722,1.0,-0.4382584344579277,-0.7801780415430267,2,2,2,10.0,10.0,0.0,1.0,0.0,0.0044037559165975,0.0039145454723388,0.2,,
balanced_active_3f45ceddc534,0.5,0.2,1.0,0.9,0.9652597186103888,0.9652597186103888,0.0,0.0,4,2,2,21.0,18.9,0.0,1.0,0.0,0.0037514879064367668,0.0029360312197986,0.4,,0.0
balanced_active_2d07d4547ab4,0.5,0.5,0.0,0.9,1.0,0.0333377783704493,0.9666622216295506,0.9666622216295506,3,2,2,5847.0,5262.3,0.0,1.0,0.0,0.0024464831804281,0.0,1.0,,0.8323906745758035
balanced_active_19efea9a26bd,0.5,0.5,0.25,0.9,0.9407960530702046,1.0,-0.0592039469297953,-0.0629296293671603,2,2,2,776.0,776.0,0.0,1.0,0.0,0.0044074020670183504,0.0039218377731805,0.2,,
balanced_active_bbbdad9b5883,0.5,0.5,0.5,0.9,0.0,0.0,0.0,0.0,0,0,0,0.0,0.0,0.0,1.0,0.0,0.0020387359836900832,0.0,1.0,,0.0
balanced_active_72d2bf267c4c,0.5,0.5,0.75,0.9,0.6826910254700626,0.6826910254700626,0.0,0.0,4,3,3,4797.0,4320.15,0.0,1.0,0.0,0.00402223106977005,0.0031514957786839,0.3,,1.0
balanced_active_99122f4db16c,0.5,0.5,1.0,0.9,0.0333355557037135,0.0333355557037135,0.0,0.0,2,1,1,0.0,0.0,0.0,1.0,0.0,0.0026688798600112457,0.0,1.0,,0.3257466032140148
balanced_active_5563a6f87c88,0.5,1.0,0.0,0.9,0.0,0.0,0.0,0.0,0,0,0,0.0,0.0,0.0,1.0,0.0,0.00122324159021405,0.0,1.0,,0.0
balanced_active_050ad40da9a8,0.5,1.0,0.25,0.9,1.0,0.6663332666533306,0.3336667333466693,0.3336667333466693,2,1,1,257.0,205.6,0.0,1.0,0.0,0.0044085466826133,0.0039241270043704,0.2,,1.0
balanced_active_64022e067fde,0.5,1.0,0.5,0.9,0.0,1.0,-1.0,0.0,2,2,2,982.0,982.0,0.0,1.0,0.0,0.0044083638392276,0.003923761317599,0.2,,
balanced_active_038e5c07f347,0.5,1.0,0.75,0.9,0.0,0.0,0.0,0.0,0,0,0,0.0,0.0,0.0,1.0,0.0,0.001779260494856791,0.0,1.0,,0.0
balanced_active_a73f4d9cda61,0.5,1.0,1.0,0.9,0.5556740898786504,1.0,-0.4443259101213495,-0.7996160307175425,2,2,2,7938.0,7938.0,0.0,1.0,0.0,0.0044827594420285,0.0040725525232008,0.2,,
balanced_active_1453edf2e05e,0.5,2.0,0.0,0.9,0.0,0.0,0.0,0.0,0,0,0,0.0,0.0,0.0,1.0,0.0,0.00122324159021405,0.0,1.0,,0.0
balanced_active_89b209c35e62,0.5,2.0,0.25,0.9,0.0,0.9281237498333113,-0.9281237498333113,0.0,2,1,1,1591.0,1431.9,0.0,1.0,0.0,0.0043715406915212,0.0038501150221862,0.2,,0.0
balanced_active_38fb795f6787,0.5,2.0,0.5,0.9,0.0,0.0,0.0,0.0,0,0,0,0.0,0.0,0.0,1.0,0.0,0.0020387359836900832,0.0,1.0,,0.0
balanced_active_e7e3b8a570d7,0.5,2.0,0.75,0.9,0.6686003867440155,0.0,0.6686003867440155,1.0,2,2,2,4306.0,4306.0,0.0,1.0,0.0,0.0018006789976929727,0.0,1.0,,0.5103020604120824
balanced_active_1bc0ebfb33c3,0.5,2.0,1.0,0.9,0.6420189358581144,0.0,0.6420189358581144,1.0,2,2,2,6576.0,6576.0,0.0,1.0,0.0,0.0023208775692243233,0.0,1.0,,0.4401920256034138
balanced_active_691f3642a3e0,0.5,5.0,0.0,0.9,0.0,0.0,0.0,0.0,0,0,0,0.0,0.0,0.0,1.0,0.0,0.00122324159021405,0.0,1.0,,0.0
balanced_active_2a21f2dcffb9,0.5,5.0,0.25,0.9,0.0,0.0,0.0,0.0,0,0,0,0.0,0.0,0.0,1.0,0.0,0.0020387359836900832,0.0,1.0,,0.0
balanced_active_a3b05506a83d,0.5,5.0,0.5,0.9,0.8473796506200826,0.497999733297773,0.3493799173223096,0.4123062396726729,2,2,2,1684.0,1684.0,0.0,1.0,0.0,0.003936651260806075,0.0029600832770095,0.4,,1.0
balanced_active_58e46b3ecf9f,0.5,5.0,0.75,0.9,0.0,0.0,0.0,0.0,0,0,0,0.0,0.0,0.0,1.0,0.0,0.001779260494856791,0.0,1.0,,0.0
balanced_active_99992ed3b894,0.5,5.0,1.0,0.9,0.0,0.0,0.0,0.0,0,0,0,0.0,0.0,0.0,1.0,0.0,0.0022582921665490075,0.0,1.0,,0.0
balanced_active_c576c4066702,1.0,0.2,0.0,0.9,1.0,1.0,0.0,0.0,2,2,2,308.0,308.0,0.0,1.0,0.0,0.0045197740112994,0.0,1.0,,
balanced_active_2cadcc872ef7,1.0,0.2,0.25,0.9,1.0,1.0,0.0,0.0,2,2,2,66.0,66.0,0.0,1.0,0.0,0.00813781719264475,0.0072360863626907,0.2,,
balanced_active_6c7d4db4cd6a,1.0,0.2,0.5,0.9,0.8999866648886518,0.8999866648886518,0.0,0.0,2,2,2,0.0,0.0,0.0,1.0,0.0,0.005423690000031626,0.0018078932619818,0.8,,0.3333333333333333
balanced_active_e4552af08b00,1.0,0.2,0.75,0.9,0.9658621149486598,0.9658621149486598,0.0,0.0,6,5,4,24016.0,22938.85,0.0,1.0,0.0,0.0066525386074071,0.0042655291922154,0.4,,0.0
balanced_active_4ff263ff7fea,1.0,0.2,1.0,0.9,0.9212509168500366,0.9212509168500366,0.0,0.0,2,2,2,776.0,776.0,0.0,1.0,0.0,0.005859632267950812,0.0036414285324132,0.6,,0.5249788314987299
balanced_active_cd063c7299ca,1.0,0.5,0.0,0.9,1.0,1.0,0.0,0.0,3,2,2,660.0,594.0,0.0,1.0,0.0,0.0045197740112994,0.0,1.0,,
balanced_active_4aa59dee687b,1.0,0.5,0.25,0.9,1.0,0.7722877908915116,0.2277122091084883,0.2277122091084883,6,4,4,7707.0,6592.049999999999,0.0,1.0,0.0,0.0063077424143217495,0.0035759368060447,0.5,,1.0
balanced_active_53d2cbb58bf6,1.0,0.5,0.5,0.9,0.8277103613815175,0.8277103613815175,0.0,0.0,2,2,2,972.0,972.0,0.0,1.0,0.0,0.0045437431485675,0.0,1.0,,0.21478328173374614
balanced_active_b15fa4219c2a,1.0,0.5,0.75,0.9,1.0,0.755934915977594,0.2440650840224059,0.2440650840224059,6,5,4,9805.0,9292.8,0.0,1.0,0.0,0.00688846465832695,0.0047373812940551,0.4,,1.0
balanced_active_4b92b00a9ba0,1.0,0.5,1.0,0.9,0.7906387518335778,0.9660621416188824,-0.1754233897853047,-0.2218755270703322,4,3,3,11033.0,11032.1,0.0,1.0,0.0,0.00715805777002455,0.0052765675174503,0.3,,0.0
balanced_active_54cf8ddec468,1.0,1.0,0.0,0.9,0.9173223096412856,0.9173223096412856,0.0,0.0,4,4,4,6811.0,6377.9,0.0,1.0,0.0,0.0045197740112994,0.0,1.0,,0.0
balanced_active_2beec38532b1,1.0,1.0,0.25,0.9,1.0,0.7621524304860972,0.2378475695139027,0.2378475695139027,6,5,4,16896.0,16506.55,0.0,1.0,0.0,0.0064985726791581,0.0052405604405065,0.3,,1.0
balanced_active_7a3ac5e2e33b,1.0,1.0,0.5,0.9,0.9249949996666444,0.9249949996666444,0.0,0.0,4,2,2,5750.0,4693.1,0.0,1.0,0.0,0.007205110157842,0.0053706722930852,0.3,,0.0
balanced_active_9f7aa9c98170,1.0,1.0,0.75,0.9,0.6323264652930586,0.925718477028739,-0.2933920117356804,-0.4639881893915427,5,4,4,7327.0,6477.9,0.0,1.0,0.0,0.0067214917180635995,0.0044034354135284,0.4,,0.0
balanced_active_ce60ef31a372,1.0,1.0,1.0,0.9,1.0,0.7878242315129692,0.2121757684870307,0.2121757684870307,4,2,2,3191.0,2710.7,0.0,1.0,0.0,0.00742609900486395,0.0058126499871291,0.3,,1.0
balanced_active_eb286e4f6611,1.0,2.0,0.0,0.9,0.0,0.0666800026672001,-0.0666800026672001,0.0,5,4,4,10040.0,9036.0,0.0,1.0,0.0,0.0045197740112994,0.0,1.0,,0.890262199042652
balanced_active_2c17917e80c8,1.0,2.0,0.25,0.9,0.8370340734813629,0.8036940721477628,0.0333400013336,0.0398311160678722,6,4,4,8803.0,7536.549999999999,0.0,1.0,0.0,0.006249240488185899,0.003458932953773,0.5,,1.0
balanced_active_b3db8f161f5f,1.0,2.0,0.5,0.9,1.0,1.0,0.0,0.0,4,3,3,3242.0,3035.3,0.0,1.0,0.0,0.00751924481894975,0.0059989416153007,0.3,,
balanced_active_ab769c1f2819,1.0,2.0,0.75,0.9,0.9405920789438592,0.9405920789438592,0.0,0.0,6,5,4,22055.0,20911.15,0.0,1.0,0.0,0.0066498885049534,0.004260228987308,0.4,,0.0
balanced_active_820dbd92b055,1.0,2.0,1.0,0.9,1.0,0.7732879909315196,0.2267120090684803,0.2267120090684803,6,5,4,12677.0,11637.1,0.0,1.0,0.0,0.0062164866305995,0.0033934252386002,0.5,,1.0
balanced_active_83afe3296b4e,1.0,5.0,0.0,0.9,1.0,1.0,0.0,0.0,4,4,4,7382.0,6888.2,0.0,1.0,0.0,0.0045197740112994,0.0,1.0,,
balanced_active_df39d816a480,1.0,5.0,0.25,0.9,0.0333400013336,0.8563712742548509,-0.8230312729212509,-24.686,4,2,2,3495.0,3057.8,0.0,1.0,0.0,0.00738482792547465,0.0057301078283505,0.3,,0.0
balanced_active_89c178bd4d5c,1.0,5.0,0.5,0.9,1.0,0.773421350936854,0.2265786490631459,0.2265786490631459,6,5,5,14048.0,13115.45,0.0,1.0,0.0,0.0061597823425417,0.0032800166624846,0.5,,1.0
balanced_active_c7dc5cd4f008,1.0,5.0,0.75,0.9,0.8382450993465795,0.80490732097613,0.0333377783704493,0.0397709195036589,6,4,4,10072.0,8715.8,0.0,1.0,0.0,0.0061814749616261495,0.0033234019006535,0.5,,1.0
balanced_active_d9ae4b9150a9,1.0,5.0,1.0,0.9,0.8375116682224296,0.8375116682224296,0.0,0.0,5,4,4,7886.0,7053.3,0.0,1.0,0.0,0.006755031093804599,0.0044705141650104,0.4,,0.0
balanced_active_6d72b2259673,2.0,0.2,0.0,0.9,0.9969995999466597,0.9969995999466597,0.0,0.0,2,1,1,45.0,40.5,0.0,1.0,0.0,0.00784313725490195,0.0,1.0,,0.0
balanced_active_6825284323c4,2.0,0.2,0.25,0.9,0.8559903993599574,0.8559903993599574,0.0,0.0,2,2,2,50.0,50.0,0.0,1.0,0.0,0.00784692885653507,0.0,1.0,,0.24166666666666667
balanced_active_ddfc8d88519d,2.0,0.2,0.5,0.9,0.9179223896519536,0.8845846112815042,0.0333377783704493,0.0363187332025858,5,3,3,10718.0,9277.650000000001,0.0,1.0,0.0,0.0106632758647146,0.0056402772196253,0.4,,1.0
balanced_active_fac8427d9478,2.0,0.2,0.75,0.9,0.8533039941321597,0.9366539974661598,-0.0833500033340001,-0.0976791435492693,4,2,2,9526.0,8119.6,0.0,1.0,0.0,0.0112788296818996,0.0068713848539953,0.3,,0.0
balanced_active_356f0aede5fd,2.0,0.2,1.0,0.9,0.9370582744365916,0.903720496066142,0.0333377783704493,0.0355770599117688,5,4,3,22599.0,22510.85,0.0,1.0,0.0,0.01107320829339285,0.0064601420769818,0.3,,1.0
balanced_active_4f3e556be89d,2.0,0.5,0.0,0.9,1.0,0.8612389144495565,0.1387610855504434,0.1387610855504434,4,3,3,4227.0,3804.3,0.0,1.0,0.0,0.00784313725490195,0.0,1.0,,1.0
balanced_active_2ba798965e24,2.0,0.5,0.25,0.9,1.0,1.0,0.0,0.0,4,3,3,773.0,646.0,0.0,1.0,0.0,0.01313114480919845,0.010576015108593,0.3,,
balanced_active_ef03e15219d4,2.0,0.5,0.5,0.9,1.0,0.8791091551643662,0.1208908448356337,0.1208908448356337,6,4,4,11184.0,9769.85,0.0,1.0,0.0,0.01014011856206805,0.0045939626143322,0.5,,1.0
balanced_active_1c1ecaa711b3,2.0,0.5,0.75,0.9,0.9656620882784372,0.9656620882784372,0.0,0.0,5,3,3,9234.0,8187.1,0.0,1.0,0.0,0.0108155679601111,0.0059448614104183,0.4,,0.0
balanced_active_81f65a329869,2.0,0.5,1.0,0.9,1.0,0.8382450993465795,0.1617549006534204,0.1617549006534204,6,4,4,5256.0,4599.6,0.0,1.0,0.0,0.01085579342346605,0.0060253123371282,0.5,,1.0
balanced_active_5f609fa50d1f,2.0,1.0,0.0,0.9,1.0,0.7530674846625766,0.2469325153374233,0.2469325153374233,5,4,4,8832.0,7948.799999999999,0.0,1.0,0.0,0.00784313725490195,0.0,1.0,,0.9894679989197948
balanced_active_6af4a35fe0eb,2.0,1.0,0.25,0.9,0.918255767435658,0.918255767435658,0.0,0.0,6,4,4,11331.0,9819.349999999999,0.0,1.0,0.0,0.01013497007944835,0.0045836656490928,0.5,,0.0
balanced_active_51593fd8c9e6,2.0,1.0,0.5,0.9,0.9282571009467928,0.8949193225763435,0.0333377783704493,0.0359143801177991,7,5,5,12498.0,10867.349999999999,0.0,1.0,0.0,0.009592627715805201,0.0034989809218065,0.6,,1.0
balanced_active_c29fa5fa4459,2.0,1.0,0.75,0.9,1.0,1.0,0.0,0.0,6,5,4,6149.0,5731.85,0.0,1.0,0.0,0.012402927504550451,0.009119580499297,0.4,,
balanced_active_e7530a83c4db,2.0,1.0,1.0,0.9,1.0,0.8204307528172301,0.1795692471827698,0.1795692471827698,6,5,5,13276.0,12166.400000000001,0.0,1.0,0.0,0.01019004274267105,0.0046938109755382,0.5,,1.0
balanced_active_3c7a1232c894,2.0,2.0,0.0,0.9,1.0,0.733146629325865,0.2668533706741348,0.2668533706741348,5,4,4,10101.0,9090.9,0.0,1.0,0.0,0.00784313725490195,0.0,1.0,,0.956271864067966
balanced_active_628ab3228737,2.0,2.0,0.25,0.9,0.9258518370340734,0.8925118357004734,0.0333400013336,0.0360100828231904,7,5,5,12497.0,10645.75,0.0,1.0,0.0,0.00960978124963735,0.0035332879894708,0.6,,1.0
balanced_active_4a73dd8cd2fd,2.0,2.0,0.5,0.9,1.0,1.0,0.0,0.0,6,4,4,9039.0,7785.450000000001,0.0,1.0,0.0,0.01037047036246015,0.0050546662151164,0.5,,
balanced_active_b7910c83a2b0,2.0,2.0,0.75,0.9,1.0,1.0,0.0,0.0,7,6,5,14084.0,12614.65,0.0,1.0,0.0,0.0095924785185823,0.0034986825273607,0.6,,
balanced_active_c523638f9c37,2.0,2.0,1.0,0.9,1.0,1.0,0.0,0.0,7,6,5,14129.0,12472.35,0.0,1.0,0.0,0.0096072840583782,0.0035282936069525,0.6,,
balanced_active_2291a97f49f9,2.0,5.0,0.0,0.9,1.0,0.565808774503267,0.4341912254967328,0.4341912254967328,5,4,4,10584.0,9525.599999999999,0.0,1.0,0.0,0.00784313725490195,0.0,1.0,,0.9328931203931204
balanced_active_b74f5af4bac5,2.0,5.0,0.25,0.9,1.0,0.8271102813708494,0.1728897186291505,0.1728897186291505,7,5,5,12498.0,10738.9,0.0,1.0,0.0,0.009602399772054751,0.0035185250343056,0.6,,1.0
balanced_active_25fe1e3eb544,2.0,5.0,0.5,0.9,1.0,0.828043739165222,0.1719562608347779,0.1719562608347779,7,5,5,12498.0,10771.05,0.0,1.0,0.0,0.0095999272482261,0.0035135799866483,0.6,,1.0
balanced_active_39924b883284,2.0,5.0,0.75,0.9,1.0,0.8321109481264168,0.1678890518735831,0.1678890518735831,7,5,5,12498.0,10771.35,0.0,1.0,0.0,0.00959993110612345,0.003513587702443,0.6,,1.0
balanced_active_6694acf6567c,2.0,5.0,1.0,0.9,1.0,0.8609721944388877,0.1390278055611122,0.1390278055611122,7,5,5,12497.0,10520.2,0.0,1.0,0.0,0.009619663568587601,0.0035530526273713,0.6,,1.0
balanced_active_3b73bcb1b196,4.0,0.2,0.0,0.9,0.972929723963195,0.972929723963195,0.0,0.0,4,3,3,4614.0,4152.599999999999,0.0,1.0,0.0,0.01240310077519375,0.0,1.0,,0.9408866995073891
balanced_active_fe5078800150,4.0,0.2,0.25,0.9,0.9240565408721162,0.9240565408721162,0.0,0.0,4,2,2,47.0,42.2,0.0,1.0,0.0,0.016965718066623947,0.0099341860176331,0.6,,0.0
balanced_active_86426055374a,4.0,0.2,0.5,0.9,1.0,1.0,0.0,0.0,4,2,2,1913.0,1721.7,0.0,1.0,0.0,0.0201517350783978,0.0154972686064081,0.3,,
balanced_active_b86e73279d51,4.0,0.2,0.75,0.9,0.9666622216295506,0.9666622216295506,0.0,0.0,5,3,3,6948.0,6181.5,0.0,1.0,0.0,0.01684985094194685,0.0088935003335062,0.4,,0.0
balanced_active_d3bb475ecee1,4.0,0.2,1.0,0.9,1.0,1.0,0.0,0.0,7,5,5,12498.0,10438.900000000001,0.0,1.0,0.0,0.0146568314036747,0.0045074612569619,0.6,,
balanced_active_9a7cdf49a19e,4.0,0.5,0.0,0.9,1.0,1.0,0.0,0.0,6,5,5,12498.0,11248.199999999999,0.0,1.0,0.0,0.01240310077519375,0.0,1.0,,
balanced_active_f865f9aedb8d,4.0,0.5,0.25,0.9,0.9666622216295506,0.9666622216295506,0.0,0.0,7,5,5,12498.0,10779.9,0.0,1.0,0.0,0.01459005232874945,0.0043739031071114,0.6,,1.0
balanced_active_e5453e6889ef,4.0,0.5,0.5,0.9,0.9643238196852492,0.9643238196852492,0.0,0.0,5,3,3,4140.0,3725.7000000000003,0.0,1.0,0.0,0.017509918376691698,0.0102136352029959,0.4,,0.0
balanced_active_7bdd19000138,4.0,0.5,0.75,0.9,1.0,0.9169167166766686,0.0830832833233313,0.0830832833233313,7,5,5,12497.0,10714.2,0.0,1.0,0.0,0.01462245632982455,0.0044387111092616,0.6,,1.0
balanced_active_d3558815bc31,4.0,0.5,1.0,0.9,1.0,0.896526435095673,0.1034735649043269,0.1034735649043269,7,5,5,12499.0,10315.55,0.0,1.0,0.0,0.01467255925403245,0.0045389169576774,0.6,,1.0
balanced_active_5bc838313543,4.0,1.0,0.0,0.9,1.0,1.0,0.0,0.0,5,4,4,11968.0,10771.2,0.0,1.0,0.0,0.01240310077519375,0.0,1.0,,
balanced_active_afebba4e95d4,4.0,1.0,0.25,0.9,1.0,0.8574476596879583,0.1425523403120416,0.1425523403120416,6,4,4,10860.0,8953.55,0.0,1.0,0.0,0.0153609455711616,0.0059156895919357,0.5,,1.0
balanced_active_d48f1c20b318,4.0,1.0,0.5,0.9,1.0,1.0,0.0,0.0,7,5,5,12497.0,11002.45,0.0,1.0,0.0,0.0145875442609102,0.0043688869714329,0.6,,
balanced_active_7e194ec15440,4.0,1.0,0.75,0.9,1.0,1.0,0.0,0.0,7,5,5,12498.0,10794.5,0.0,1.0,0.0,0.01461264878452905,0.0044190960186706,0.6,,
balanced_active_933c490de429,4.0,1.0,1.0,0.9,1.0,0.9565217391304348,0.0434782608695652,0.0434782608695652,6,4,4,8820.0,7125.6,0.0,1.0,0.0,0.01585847803328275,0.006910754516178,0.5,,1.0
balanced_active_278c94dfc16b,4.0,2.0,0.0,0.9,1.0,0.7227630350713428,0.2772369649286571,0.2772369649286571,6,5,5,12498.0,11248.2,0.0,1.0,0.0,0.01240310077519375,0.0,1.0,,1.0
balanced_active_66d288fb413c,4.0,2.0,0.25,0.9,1.0,1.0,0.0,0.0,7,5,5,12497.0,10834.900000000001,0.0,1.0,0.0,0.0146077713698485,0.0044093411893095,0.6,,
balanced_active_eaefbcb2c3b5,4.0,2.0,0.5,0.9,1.0,0.94732631017469,0.05267368982531,0.05267368982531,7,5,5,12498.0,10624.45,0.0,1.0,0.0,0.01463371257624545,0.0044612236021034,0.6,,1.0
balanced_active_b985db58c45d,4.0,2.0,0.75,0.9,1.0,1.0,0.0,0.0,7,5,5,12499.0,10893.65,0.0,1.0,0.0,0.014600510578388199,0.0043948196063889,0.6,,
balanced_active_9d27254ad817,4.0,2.0,1.0,0.9,0.9621282837711694,0.92879050540072,0.0333377783704493,0.0346500346500346,7,5,5,12498.0,10537.599999999999,0.0,1.0,0.0,0.01462886567321195,0.0044515297960364,0.6,,1.0
balanced_active_598f359ddbf4,4.0,5.0,0.0,0.9,1.0,1.0,0.0,0.0,6,5,5,12498.0,11248.199999999999,0.0,1.0,0.0,0.01240310077519375,0.0,1.0,,
balanced_active_06684b7d3b24,4.0,5.0,0.25,0.9,1.0,0.8373007934920317,0.1626992065079682,0.1626992065079682,7,5,5,12497.0,10769.449999999999,0.0,1.0,0.0,0.01461569819862405,0.0044251948468606,0.6,,1.0
balanced_active_70b19306b3a5,4.0,5.0,0.5,0.9,1.0,0.8218429123883184,0.1781570876116815,0.1781570876116815,7,5,5,12498.0,10795.599999999999,0.0,1.0,0.0,0.01461239860511095,0.0044185956598344,0.6,,1.0
balanced_active_bcbec778722b,4.0,5.0,0.75,0.9,1.0,0.819697272787891,0.180302727212109,0.180302727212109,7,5,5,12497.0,10938.699999999999,0.0,1.0,0.0,0.01459509178803055,0.0043839820256736,0.6,,1.0
balanced_active_aba5a9383251,4.0,5.0,1.0,0.9,1.0,0.8070409387918389,0.192959061208161,0.192959061208161,7,5,5,12498.0,10681.4,0.0,1.0,0.0,0.0146265149944835,0.0044468284385795,0.6,,1.0
balanced_active_1f47a7b3fbaa,0.25,0.2,0.0,0.8,0.9964661954927324,0.9991998933191092,-0.0027336978263768,-0.0027433924389427,2,2,2,82.0,82.0,0.0,1.0,0.0,0.00128205128205125,0.0,1.0,,0.0
balanced_active_742a6ad4a8b3,0.25,0.2,0.25,0.8,0.0,0.0,0.0,0.0,0,0,0,0.0,0.0,0.0,1.0,0.0,0.0010683760683760418,0.0,1.0,,0.0
balanced_active_0d7d0c00ee89,0.25,0.2,0.5,0.8,0.0,0.0,0.0,0.0,2,2,2,640.0,640.0,0.0,1.0,0.0,0.001069426008774625,0.0,1.0,,0.7168767086750684
balanced_active_2223ae52c113,0.25,0.2,0.75,0.8,0.0,0.0,0.0,0.0,0,0,0,0.0,0.0,0.0,1.0,0.0,0.0009324009324009092,0.0,1.0,,0.0
balanced_active_abe479a53379,0.25,0.2,1.0,0.8,0.9091878917188958,0.9091878917188958,0.0,0.0,2,2,2,2.0,2.0,0.0,1.0,0.0,0.0016524146395274777,0.0010256357659704,0.6,,0.6328928046989721
balanced_active_3d6ac4537dc4,0.25,0.5,0.0,0.8,0.0,0.0,0.0,0.0,0,0,0,0.0,0.0,0.0,1.0,0.0,0.000641025641025625,0.0,1.0,,0.0
balanced_active_c808ba55edea,0.25,0.5,0.25,0.8,0.0,0.0,0.0,0.0,0,0,0,0.0,0.0,0.0,1.0,0.0,0.0010683760683760418,0.0,1.0,,0.0
balanced_active_5ff275fb060e,0.25,0.5,0.5,0.8,0.0,0.0,0.0,0.0,0,0,0,0.0,0.0,0.0,1.0,0.0,0.0010683760683760418,0.0,1.0,,0.0
balanced_active_c8fe4c061352,0.25,0.5,0.75,0.8,0.0,0.0,0.0,0.0,0,0,0,0.0,0.0,0.0,1.0,0.0,0.0009324009324009092,0.0,1.0,,0.0
balanced_active_41eaa77c0e0c,0.25,0.5,1.0,0.8,0.0,0.0,0.0,0.0,0,0,0,0.0,0.0,0.0,1.0,0.0,0.0011834319526626924,0.0,1.0,,0.0
balanced_active_b5d4e2ec48d0,0.25,1.0,0.0,0.8,0.0,0.0,0.0,0.0,0,0,0,0.0,0.0,0.0,1.0,0.0,0.000641025641025625,0.0,1.0,,0.0
balanced_active_4952c439bc52,0.25,1.0,0.25,0.8,0.0,0.0,0.0,0.0,0,0,0,0.0,0.0,0.0,1.0,0.0,0.0010683760683760418,0.0,1.0,,0.0
balanced_active_0b1d19f000d9,0.25,1.0,0.5,0.8,0.0,0.0,0.0,0.0,0,0,0,0.0,0.0,0.0,1.0,0.0,0.0010683760683760418,0.0,1.0,,0.0
balanced_active_da0d0bdfd594,0.25,1.0,0.75,0.8,0.0,0.0,0.0,0.0,0,0,0,0.0,0.0,0.0,1.0,0.0,0.0009324009324009092,0.0,1.0,,0.0
balanced_active_9b12837e0efd,0.25,1.0,1.0,0.8,0.0,0.0,0.0,0.0,0,0,0,0.0,0.0,0.0,1.0,0.0,0.0011834319526626924,0.0,1.0,,0.0
balanced_active_bd87b63c0fbe,0.25,2.0,0.0,0.8,0.0,0.0,0.0,0.0,0,0,0,0.0,0.0,0.0,1.0,0.0,0.000641025641025625,0.0,1.0,,0.0
balanced_active_19922c026683,0.25,2.0,0.25,0.8,0.0,0.0,0.0,0.0,0,0,0,0.0,0.0,0.0,1.0,0.0,0.0010683760683760418,0.0,1.0,,0.0
balanced_active_1ad2302d1b8d,0.25,2.0,0.5,0.8,0.0,0.0,0.0,0.0,0,0,0,0.0,0.0,0.0,1.0,0.0,0.0010683760683760418,0.0,1.0,,0.0
balanced_active_8c563914cc9d,0.25,2.0,0.75,0.8,0.0,0.0,0.0,0.0,0,0,0,0.0,0.0,0.0,1.0,0.0,0.0009324009324009092,0.0,1.0,,0.0
balanced_active_0891a5e39e54,0.25,2.0,1.0,0.8,0.0,0.0,0.0,0.0,0,0,0,0.0,0.0,0.0,1.0,0.0,0.0011834319526626924,0.0,1.0,,0.0
balanced_active_e9fc39d9c4d3,0.25,5.0,0.0,0.8,0.0,0.0,0.0,0.0,0,0,0,0.0,0.0,0.0,1.0,0.0,0.000641025641025625,0.0,1.0,,0.0
balanced_active_34bff1a54311,0.25,5.0,0.25,0.8,0.0,0.0,0.0,0.0,0,0,0,0.0,0.0,0.0,1.0,0.0,0.0010683760683760418,0.0,1.0,,0.0
balanced_active_94319e2dab91,0.25,5.0,0.5,0.8,0.0,0.0,0.0,0.0,0,0,0,0.0,0.0,0.0,1.0,0.0,0.0010683760683760418,0.0,1.0,,0.0
balanced_active_53b13374b556,0.25,5.0,0.75,0.8,0.0,0.0,0.0,0.0,0,0,0,0.0,0.0,0.0,1.0,0.0,0.0009324009324009092,0.0,1.0,,0.0
balanced_active_6affc90f8216,0.25,5.0,1.0,0.8,0.0,0.0,0.0,0.0,0,0,0,0.0,0.0,0.0,1.0,0.0,0.0011834319526626924,0.0,1.0,,0.0
balanced_active_fe296c3142d6,0.5,0.2,0.0,0.8,0.7611014801973596,0.8296439525270036,-0.0685424723296439,-0.0900569426193604,2,2,2,2056.0,2056.0,0.0,1.0,0.0,0.0024691358024691,0.0,1.0,,0.0
balanced_active_30bc10ae6c2f,0.5,0.2,0.25,0.8,0.5112014935324709,0.5112014935324709,0.0,0.0,2,1,1,323.0,274.55,0.0,1.0,0.0,0.00247381443907552,0.0,1.0,,0.0
balanced_active_76be7cbf76e0,0.5,0.2,0.5,0.8,1.0,1.0,0.0,0.0,2,2,2,6.0,6.0,0.0,1.0,0.0,0.0044444298126369,0.0039505880203356,0.2,,
balanced_active_a1d20997e440,0.5,0.2,0.75,0.8,0.5246382609855303,0.0,0.5246382609855303,1.0,2,2,2,3672.0,3672.0,0.0,1.0,0.0,0.001814266571894564,0.0,1.0,,0.5557778222311129
balanced_active_395eea9099ae,0.5,0.2,1.0,0.8,0.6015869840634793,1.0,-0.3984130159365206,-0.6622700066504101,2,2,2,1302.0,1302.0,0.0,1.0,0.0,0.00445079554158355,0.0039633194782289,0.2,,
balanced_active_520c3c713476,0.5,0.5,0.0,0.8,1.0,1.0,0.0,0.0,2,2,2,908.0,908.0,0.0,1.0,0.0,0.0024691358024691,0.0,1.0,,
balanced_active_d2fdd79a4c0f,0.5,0.5,0.25,0.8,0.6220414694312953,0.6220414694312953,0.0,0.0,2,2,2,30.0,30.0,0.0,1.0,0.0,0.0029631772791435,0.0009877445593794,0.8,,0.3596754277650379
balanced_active_b9a18f2d8d05,0.5,0.5,0.5,0.8,0.6659331866373274,0.6659331866373274,0.0,0.0,2,2,2,6654.0,6654.0,0.0,1.0,0.0,0.0030021693003920375,0.0010041622525367,0.8,,0.1315369261477046
balanced_active_8b656df51766,0.5,0.5,0.75,0.8,0.7624858304994332,0.7624858304994332,0.0,0.0,2,2,2,5384.0,5384.0,0.0,1.0,0.0,0.0030065082229411,0.0010077521332852,0.8,,0.16591802358225716
balanced_active_2dc9c383deb5,0.5,0.5,1.0,0.8,1.0,1.0,0.0,0.0,2,2,2,136.0,136.0,0.0,1.0,0.0,0.00444511774199415,0.0039519638790501,0.2,,
balanced_active_65292e383d3b,0.5,1.0,0.0,0.8,0.0,0.0,0.0,0.0,0,0,0,0.0,0.0,0.0,1.0,0.0,0.00123456790123455,0.0,1.0,,0.0
balanced_active_49445522bf21,0.5,1.0,0.25,0.8,0.0,0.0,0.0,0.0,0,0,0,0.0,0.0,0.0,1.0,0.0,0.00205761316872425,0.0,1.0,,0.0
balanced_active_5eb865866325,0.5,1.0,0.5,0.8,0.6439525270036004,0.6439525270036004,0.0,0.0,2,2,2,1738.0,1738.0,0.0,1.0,0.0,0.0029730724950374748,0.0009919109660716,0.8,,0.38595505617977527
balanced_active_7db68a13d9f3,0.5,1.0,0.75,0.8,0.8208975128359005,0.8561045542441821,-0.0352070414082816,-0.042888473722687,4,3,3,1714.0,1548.2,0.0,1.0,0.0,0.0041620165938344,0.0033857615827306,0.3,,0.0
balanced_active_b64c73cfd328,0.5,1.0,1.0,0.8,0.0954857638194305,0.0,0.0954857638194305,1.0,2,1,1,432.0,345.6,0.0,1.0,0.0,0.0022872840758003153,0.0,1.0,,0.34720277388811094
balanced_active_94ede69aea14,0.5,2.0,0.0,0.8,0.0,0.0,0.0,0.0,0,0,0,0.0,0.0,0.0,1.0,0.0,0.00123456790123455,0.0,1.0,,0.0
balanced_active_00ff61471ce8,0.5,2.0,0.25,0.8,0.0,0.0,0.0,0.0,0,0,0,0.0,0.0,0.0,1.0,0.0,0.00205761316872425,0.0,1.0,,0.0
balanced_active_67eddf15a01d,0.5,2.0,0.5,0.8,1.0,0.0,1.0,1.0,2,2,2,2980.0,2980.0,0.0,1.0,0.0,0.0020760129792846836,0.0,1.0,,0.5317730212709209
balanced_active_9d4645c49e7e,0.5,2.0,0.75,0.8,0.0,1.0,-1.0,0.0,2,2,2,5078.0,5078.0,0.0,1.0,0.0,0.0044695258785339,0.0040007801521296,0.2,,
balanced_active_78b6206ab7c0,0.5,2.0,1.0,0.8,0.0333422245932248,1.0,-0.9666577754067752,-28.992,2,2,2,2966.0,2966.0,0.0,1.0,0.0,0.00445897765978745,0.0039796837146367,0.2,,
balanced_active_2847dcdd89d2,0.5,5.0,0.0,0.8,0.0,0.0,0.0,0.0,0,0,0,0.0,0.0,0.0,1.0,0.0,0.00123456790123455,0.0,1.0,,0.0
balanced_active_2ffb7cebab69,0.5,5.0,0.25,0.8,0.0,0.0,0.0,0.0,0,0,0,0.0,0.0,0.0,1.0,0.0,0.00205761316872425,0.0,1.0,,0.0
balanced_active_d4ae6c1b46bc,0.5,5.0,0.5,0.8,0.0,0.0,0.0,0.0,0,0,0,0.0,0.0,0.0,1.0,0.0,0.00205761316872425,0.0,1.0,,0.0
balanced_active_df93cb0e525a,0.5,5.0,0.75,0.8,0.0,0.0,0.0,0.0,0,0,0,0.0,0.0,0.0,1.0,0.0,0.0017957351290684273,0.0,1.0,,0.0
balanced_active_0780c12df6f6,0.5,5.0,1.0,0.8,0.0,0.0,0.0,0.0,0,0,0,0.0,0.0,0.0,1.0,0.0,0.0022792022792022383,0.0,1.0,,0.0
balanced_active_037d2862aa57,1.0,0.2,0.0,0.8,0.9995999466595547,0.9995999466595547,0.0,0.0,2,2,2,0.0,0.0,0.0,1.0,0.0,0.00459770114942525,0.0,1.0,,0.0
balanced_active_052cc89e6323,1.0,0.2,0.25,0.8,0.8449689937987597,0.8449689937987597,0.0,0.0,2,2,2,20.0,20.0,0.0,1.0,0.0,0.005517984536515912,0.0018393933680672,0.8,,0.21505376344086022
balanced_active_5658862c4e50,1.0,0.2,0.5,0.8,1.0,1.0,0.0,0.0,4,4,3,3304.0,3304.0,0.0,1.0,0.0,0.0083182333715596,0.0074410644442687,0.2,,
balanced_active_750ee5e5d846,1.0,0.2,0.75,0.8,1.0,1.0,0.0,0.0,2,2,2,1464.0,1464.0,0.0,1.0,0.0,0.00831339484621535,0.0074313873935802,0.2,,
balanced_active_28f80fb40acb,1.0,0.2,1.0,0.8,1.0,1.0,0.0,0.0,6,5,4,17095.0,15817.3,0.0,1.0,0.0,0.00695958041802995,0.0047237585372094,0.4,,
balanced_active_f808572b73ec,1.0,0.5,0.0,0.8,0.9186558207761034,0.9186558207761034,0.0,0.0,2,2,2,2440.0,2440.0,0.0,1.0,0.0,0.00459770114942525,0.0,1.0,,0.0
balanced_active_0d2c0a20360a,1.0,0.5,0.25,0.8,0.831910921456194,0.9621949593279104,-0.1302840378717162,-0.1566081590125831,2,1,1,1454.0,1308.6,0.0,1.0,0.0,0.008170320594002,0.0071452388891535,0.2,,0.0
balanced_active_5a3cbe80dbcf,1.0,0.5,0.5,0.8,1.0,1.0,0.0,0.0,6,6,5,15189.0,14842.65,0.0,1.0,0.0,0.006819310372065649,0.0044432184452808,0.4,,
balanced_active_b21aa523b1c4,1.0,0.5,0.75,0.8,0.8823097952923918,0.8823097952923918,0.0,0.0,8,6,4,7352.0,7031.5,0.0,1.0,0.0,0.006076475687404425,0.0057157282552263,0.4,,0.3943342776203966
balanced_active_cf6cabbf5672,1.0,0.5,1.0,0.8,0.6667111229661242,0.6667111229661242,0.0,0.0,2,1,1,237.0,213.3,0.0,1.0,0.0,0.0050248800070126914,0.0,1.0,,0.0
balanced_active_aad98b62d6ea,1.0,1.0,0.0,0.8,1.0,1.0,0.0,0.0,3,2,2,432.0,388.79999999999995,0.0,1.0,0.0,0.00459770114942525,0.0,1.0,,
balanced_active_1ef078dd4531,1.0,1.0,0.25,0.8,0.8465693138627725,0.8465693138627725,0.0,0.0,4,2,2,6719.0,6047.1,0.0,1.0,0.0,0.0071779055753359005,0.0051604088518213,0.3,,0.0
balanced_active_5909c9620eb7,1.0,1.0,0.5,0.8,0.9405920789438592,0.9405920789438592,0.0,0.0,4,3,2,12950.0,12571.5,0.0,1.0,0.0,0.007227056018427,0.0052587097380035,0.3,,0.0
balanced_active_3c0f1e525c78,1.0,1.0,0.75,0.8,1.0,1.0,0.0,0.0,6,5,4,13237.0,12741.25,0.0,1.0,0.0,0.007025720492646,0.0048560386864415,0.4,,
balanced_active_a55d2e8899f5,1.0,1.0,1.0,0.8,1.0,0.7978262319130492,0.2021737680869507,0.2021737680869507,6,5,4,12318.0,11212.5,0.0,1.0,0.0,0.00628757066333425,0.003379739027818,0.5,,1.0
balanced_active_78e2e2d52592,1.0,2.0,0.0,0.8,0.0,0.0,0.0,0.0,5,4,4,10388.0,9349.2,0.0,1.0,0.0,0.00459770114942525,0.0,1.0,,0.8969862648353114
balanced_active_2fbd6bd4e4ed,1.0,2.0,0.25,0.8,0.8397012735880509,0.8063612722544508,0.0333400013336,0.0397045977924243,5,4,3,10499.0,9139.5,0.0,1.0,0.0,0.007269711837468,0.0053440213760855,0.3,,1.0
balanced_active_810571d8b6b6,1.0,2.0,0.5,0.8,1.0,1.0,0.0,0.0,5,4,3,10430.0,9364.7,0.0,1.0,0.0,0.0077974890491987504,0.006399575799547,0.3,,
balanced_active_f1c4be50b4cb,1.0,2.0,0.75,0.8,0.5826498633059946,0.8794425551777022,-0.2967926918717076,-0.5093842984664682,4,2,2,5061.0,4367.25,0.0,1.0,0.0,0.00734822653251775,0.005501050766185,0.3,,0.0
balanced_active_cc3615136095,1.0,2.0,1.0,0.8,1.0,0.6592212294972662,0.3407787705027336,0.3407787705027336,4,2,2,4845.0,4268.95,0.0,1.0,0.0,0.0073588590212562005,0.0055223157436619,0.3,,1.0
balanced_active_16f9fda4fd9d,1.0,5.0,0.0,0.8,1.0,0.0,1.0,1.0,4,3,3,6930.0,6237.0,0.0,1.0,0.0,0.00459770114942525,0.0,1.0,,0.7050076682003067
balanced_active_922bb79e494a,1.0,5.0,0.25,0.8,1.0,0.7705847056470431,0.2294152943529568,0.2294152943529568,5,3,3,7069.0,5857.75,0.0,1.0,0.0,0.0068248822866858,0.0044543622745211,0.4,,1.0
balanced_active_b930a307d19d,1.0,5.0,0.5,0.8,0.8814508601146819,0.8814508601146819,0.0,0.0,6,5,4,8915.0,8037.5,0.0,1.0,0.0,0.00698790132869025,0.00478040035853,0.4,,0.0
balanced_active_2619810cc56f,1.0,5.0,0.75,0.8,1.0,0.6961594879317242,0.3038405120682757,0.3038405120682757,5,3,3,6082.0,5212.7,0.0,1.0,0.0,0.0068795182364322,0.0045636341740139,0.4,,1.0
balanced_active_e05771f94acb,1.0,5.0,1.0,0.8,0.5622457824898311,0.8391011535640461,-0.2768553710742148,-0.4924098671726755,5,3,3,8845.0,7267.299999999999,0.0,1.0,0.0,0.0067141828982976,0.0042329634977447,0.4,,0.0
balanced_active_b50231bdaede,2.0,0.2,0.0,0.8,1.0,1.0,0.0,0.0,3,2,2,0.0,0.0,0.0,1.0,0.0,0.00808080808080805,0.0,1.0,,0.0
balanced_active_515d854620c1,2.0,0.2,0.25,0.8,0.908060537369158,0.9666644442962864,-0.0586039069271284,-0.0645374449339207,4,2,2,879.0,791.1,0.0,1.0,0.0,0.01339781566893745,0.0106340151762588,0.3,,0.0
balanced_active_6963c6134049,2.0,0.2,0.5,0.8,1.0,1.0,0.0,0.0,6,5,4,14959.0,13453.75,0.0,1.0,0.0,0.01091614584041865,0.0056706755192212,0.4,,
balanced_active_248d30f6b2b4,2.0,0.2,0.75,0.8,1.0,1.0,0.0,0.0,2,2,2,2.0,2.0,0.0,1.0,0.0,0.01454529783055145,0.0129289794994868,0.2,,
balanced_active_cd5ce5d68d7b,2.0,0.2,1.0,0.8,1.0,1.0,0.0,0.0,4,3,3,434.0,354.8,0.0,1.0,0.0,0.013598092946107448,0.0110345697305988,0.3,,
balanced_active_a8e15ec75622,2.0,0.5,0.0,0.8,1.0,1.0,0.0,0.0,5,4,4,6412.0,5770.8,0.0,1.0,0.0,0.00808080808080805,0.0,1.0,,
balanced_active_b5bba89e72c9,2.0,0.5,0.25,0.8,1.0,1.0,0.0,0.0,5,4,3,3236.0,2948.2,0.0,1.0,0.0,0.0137911781127861,0.0114207400639561,0.3,,
balanced_active_86f58231c0f3,2.0,0.5,0.5,0.8,1.0,1.0,0.0,0.0,6,4,4,8195.0,7044.1,0.0,1.0,0.0,0.0107474700067424,0.0053333238518687,0.5,,
balanced_active_1c27ee519c27,2.0,0.5,0.75,0.8,0.8373007934920317,0.9331866373274654,-0.0958858438354337,-0.1145177988373019,4,2,2,6923.0,5909.650000000001,0.0,1.0,0.0,0.012028395400029649,0.0078951746384432,0.3,,0.0
balanced_active_0fd1b89163d7,2.0,0.5,1.0,0.8,1.0,1.0,0.0,0.0,5,3,3,5064.0,4489.9,0.0,1.0,0.0,0.0117852244654417,0.0074088327692673,0.4,,
balanced_active_e53e8ae89598,2.0,1.0,0.0,0.8,0.9442555177702208,0.9442555177702208,0.0,0.0,3,3,3,628.0,609.4,0.0,1.0,0.0,0.00808080808080805,0.0,1.0,,0.0
balanced_active_4cea1e8c5ad8,2.0,1.0,0.25,0.8,1.0,1.0,0.0,0.0,5,3,3,4529.0,4043.6000000000004,0.0,1.0,0.0,0.01189036010923575,0.0076191040568554,0.4,,
balanced_active_062aa8d72fc1,2.0,1.0,0.5,0.8,1.0,1.0,0.0,0.0,6,4,4,7265.0,6136.349999999999,0.0,1.0,0.0,0.0108830222035936,0.0056044282455711,0.5,,
balanced_active_092d01d82c54,2.0,1.0,0.75,0.8,0.9481264168555807,0.9147886384851311,0.0333377783704493,0.0351617440225035,7,5,5,12498.0,10842.449999999999,0.0,1.0,0.0,0.0098548734625093,0.0035481307634025,0.6,,1.0
balanced_active_f4091599c7a9,2.0,1.0,1.0,0.8,1.0,1.0,0.0,0.0,5,3,3,1846.0,1625.95,0.0,1.0,0.0,0.012580959960934,0.0090003037602519,0.4,,
balanced_active_53cbb5842adb,2.0,2.0,0.0,0.8,0.9399213175968528,0.9399213175968528,0.0,0.0,6,5,5,12497.0,11247.3,0.0,1.0,0.0,0.00808080808080805,0.0,1.0,,1.0
balanced_active_80e7c49cc998,2.0,2.0,0.25,0.8,0.9205841168233646,0.9205841168233646,0.0,0.0,6,4,4,10498.0,9159.449999999999,0.0,1.0,0.0,0.010477058428264348,0.0047925006949126,0.5,,0.0
balanced_active_23fc5f3af386,2.0,2.0,0.5,0.8,1.0,0.811762352470494,0.1882376475295059,0.1882376475295059,6,4,4,11497.0,9935.35,0.0,1.0,0.0,0.01039113771864075,0.0046206592756654,0.5,,1.0
balanced_active_da4a88882a90,2.0,2.0,0.75,0.8,1.0,0.806761352270454,0.1932386477295459,0.1932386477295459,7,5,5,12497.0,10871.95,0.0,1.0,0.0,0.0098525161180877,0.0035434160745593,0.6,,1.0
balanced_active_359825571f1f,2.0,2.0,1.0,0.8,1.0,0.804973996532871,0.1950260034671289,0.1950260034671289,7,5,5,12498.0,10604.95,0.0,1.0,0.0,0.0098737916877083,0.0035859672138005,0.6,,1.0
balanced_active_d359cf60802b,2.0,5.0,0.0,0.8,1.0,0.8509602560682848,0.1490397439317151,0.1490397439317151,6,5,5,12496.0,11246.4,0.0,1.0,0.0,0.00808080808080805,0.0,1.0,,1.0
balanced_active_2eb602411470,2.0,5.0,0.25,0.8,1.0,0.816842245632751,0.1831577543672489,0.1831577543672489,7,5,5,12498.0,10600.800000000001,0.0,1.0,0.0,0.0098740368489794,0.0035864575363427,0.6,,1.0
balanced_active_19a164aa6512,2.0,5.0,0.5,0.8,1.0,0.7652197106087884,0.2347802893912115,0.2347802893912115,7,5,5,12497.0,10814.750000000002,0.0,1.0,0.0,0.0098569964988754,0.0035523768361347,0.6,,1.0
balanced_active_8660053ec7b0,2.0,5.0,0.75,0.8,1.0,0.7924918316996732,0.2075081683003267,0.2075081683003267,6,4,4,9885.0,8569.55,0.0,1.0,0.0,0.010547022991707799,0.0049324298217995,0.5,,1.0
balanced_active_ade5e260a178,2.0,5.0,1.0,0.8,1.0,0.7942255117690205,0.2057744882309795,0.2057744882309795,7,6,5,15046.0,13593.35,0.0,1.0,0.0,0.009859045565906,0.0035564749701959,0.6,,1.0
balanced_active_12fec638c3b0,4.0,0.2,0.0,0.8,1.0,0.9199173167966926,0.0800826832033073,0.0800826832033073,4,3,3,4619.0,4157.1,0.0,1.0,0.0,0.0130081300813008,0.0,1.0,,1.0
balanced_active_57282f7f2a23,4.0,0.2,0.25,0.8,0.9666622216295506,0.9666622216295506,0.0,0.0,5,3,3,9006.0,8105.4,0.0,1.0,0.0,0.0168077748145182,0.0075992894664348,0.4,,0.0
balanced_active_f723acaaf1a5,4.0,0.2,0.5,0.8,1.0,0.888044275521771,0.1119557244782289,0.1119557244782289,6,3,3,10583.0,8995.65,0.0,1.0,0.0,0.013872777484831733,0.0084078276875771,0.3,,1.0
balanced_active_21a16412f835,4.0,0.2,0.75,0.8,0.9655264386210576,0.9655264386210576,0.0,0.0,5,3,3,8475.0,7270.9,0.0,1.0,0.0,0.0172067725202455,0.0083972848778894,0.4,,0.0
balanced_active_e1b16bcc9c1c,4.0,0.2,1.0,0.8,1.0,1.0,0.0,0.0,6,4,4,12286.0,9952.2,0.0,1.0,0.0,0.01595441344304935,0.0058925667234971,0.5,,
balanced_active_b02d9b328a63,4.0,0.5,0.0,0.8,0.9842635193705408,0.9842635193705408,0.0,0.0,6,5,5,12497.0,11247.3,0.0,1.0,0.0,0.0130081300813008,0.0,1.0,,1.0
balanced_active_90ec5271f59d,4.0,0.5,0.25,0.8,1.0,0.809095152363806,0.1909048476361939,0.1909048476361939,6,4,4,10134.0,8197.45,0.0,1.0,0.0,0.0161584904825307,0.0063007208024598,0.5,,1.0
balanced_active_6fc1df25bb05,4.0,0.5,0.5,0.8,0.9654620616082144,0.9654620616082144,0.0,0.0,5,3,3,1983.0,1675.4,0.0,1.0,0.0,0.0194313908496298,0.012846521536658,0.4,,0.0
balanced_active_0e87ed5b25b6,4.0,0.5,0.75,0.8,1.0,0.8889703921045612,0.1110296078954387,0.1110296078954387,6,4,4,11331.0,9699.1,0.0,1.0,0.0,0.0159988319890695,0.0059814038155374,0.5,,1.0
balanced_active_c07e274187f2,4.0,0.5,1.0,0.8,1.0,1.0,0.0,0.0,7,5,5,12498.0,10467.400000000001,0.0,1.0,0.0,0.015295715830022802,0.004575171497444,0.6,,
balanced_active_b011bf38b541,4.0,1.0,0.0,0.8,1.0,1.0,0.0,0.0,6,5,5,12498.0,11248.2,0.0,1.0,0.0,0.0130081300813008,0.0,1.0,,
balanced_active_b6590886ed85,4.0,1.0,0.25,0.8,0.9621257584850303,0.9621257584850303,0.0,0.0,7,5,5,12497.0,10735.6,0.0,1.0,0.0,0.01525604092915655,0.0044958216957115,0.6,,1.0
balanced_active_9fda9e30dde6,4.0,1.0,0.5,0.8,1.0,1.0,0.0,0.0,6,4,4,8486.0,7525.3,0.0,1.0,0.0,0.0164460841777377,0.0068759081928738,0.5,,
balanced_active_be60a049457a,4.0,1.0,0.75,0.8,1.0,1.0,0.0,0.0,6,4,4,9754.0,8546.4,0.0,1.0,0.0,0.01622036570092495,0.0064244712392483,0.5,,
balanced_active_e2b9f2b1661e,4.0,1.0,1.0,0.8,1.0,0.7826898713075948,0.2173101286924051,0.2173101286924051,7,5,5,12497.0,10689.85,0.0,1.0,0.0,0.015267164099529301,0.004518068036457,0.6,,1.0
balanced_active_01d5986b8c4d,4.0,2.0,0.0,0.8,1.0,1.0,0.0,0.0,6,5,5,12498.0,11248.2,0.0,1.0,0.0,0.0130081300813008,0.0,1.0,,
balanced_active_051a1a1ffa13,4.0,2.0,0.25,0.8,1.0,0.8287771702893719,0.171222829710628,0.171222829710628,7,5,5,12498.0,10579.4,0.0,1.0,0.0,0.0152811630080769,0.0045460658535522,0.6,,1.0
balanced_active_75854eaf14c3,4.0,2.0,0.5,0.8,1.0,0.9099153163966126,0.0900846836033873,0.0900846836033873,7,5,5,12497.0,10700.05,0.0,1.0,0.0,0.0152657679524235,0.0045152757422454,0.6,,1.0
balanced_active_d2bb43c47458,4.0,2.0,0.75,0.8,0.9869315908787838,0.9535938125083344,0.0333377783704493,0.0337792190244561,7,5,5,12498.0,10788.05,0.0,1.0,0.0,0.01519928057225545,0.0043823009819093,0.6,,1.0
balanced_active_c8567d488865,4.0,2.0,1.0,0.8,1.0,1.0,0.0,0.0,7,5,5,12497.0,10439.099999999999,0.0,1.0,0.0,0.015299516092962002,0.0045827720233224,0.6,,
balanced_active_1fa6b48e9ba3,4.0,5.0,0.0,0.8,1.0,1.0,0.0,0.0,6,5,5,12497.0,11247.3,0.0,1.0,0.0,0.0130081300813008,0.0,1.0,,
balanced_active_f1e72d28fb90,4.0,5.0,0.25,0.8,1.0,0.8485131350846778,0.151486864915322,0.151486864915322,7,5,5,12498.0,10682.3,0.0,1.0,0.0,0.01526793622759685,0.0045196122925921,0.6,,1.0
balanced_active_ac563c287ccf,4.0,5.0,0.5,0.8,1.0,0.8098953123958124,0.1901046876041875,0.1901046876041875,7,5,5,12497.0,10646.65,0.0,1.0,0.0,0.0152726698419012,0.0045290795212008,0.6,,1.0
balanced_active_7fb6734f69f0,4.0,5.0,0.75,0.8,1.0,0.8692492332310974,0.1307507667689025,0.1307507667689025,7,5,5,12498.0,10946.5,0.0,1.0,0.0,0.015234733351624351,0.0044532065406471,0.6,,1.0
balanced_active_90c3992d1731,4.0,5.0,1.0,0.8,1.0,1.0,0.0,0.0,7,5,5,12499.0,10728.9,0.0,1.0,0.0,0.015262072367230251,0.0045078845718589,0.6,,
balanced_active_31e8cad3b119,0.25,0.2,0.0,0.75,1.0,1.0,0.0,0.0,2,2,2,0.0,0.0,0.0,1.0,0.0,0.00128514056224895,0.0,1.0,,
balanced_active_76d429d8654a,0.25,0.2,0.25,0.75,0.898379675935187,0.898379675935187,0.0,0.0,2,2,2,0.0,0.0,0.0,1.0,0.0,0.001542163967696025,0.0005140542430037,0.8,,0.328740157480315
balanced_active_99a1b47b4c67,0.25,0.2,0.5,0.75,0.0,0.0,0.0,0.0,0,0,0,0.0,0.0,0.0,1.0,0.0,0.0010709504685407585,0.0,1.0,,0.0
balanced_active_07e60c3764c0,0.25,0.2,0.75,0.75,0.966328843845846,0.966328843845846,0.0,0.0,2,2,2,0.0,0.0,0.0,1.0,0.0,0.0020562202751746,0.0015421627290111,0.4,,1.0
balanced_active_fe05fce920c9,0.25,0.2,1.0,0.75,0.0,0.0,0.0,0.0,0,0,0,0.0,0.0,0.0,1.0,0.0,0.0011862835959220769,0.0,1.0,,0.0
balanced_active_649e337e5a50,0.25,0.5,0.0,0.75,0.0,0.0,0.0,0.0,0,0,0,0.0,0.0,0.0,1.0,0.0,0.000642570281124475,0.0,1.0,,0.0
balanced_active_693978ae2541,0.25,0.5,0.25,0.75,0.0,0.0,0.0,0.0,0,0,0,0.0,0.0,0.0,1.0,0.0,0.0010709504685407585,0.0,1.0,,0.0
balanced_active_b8f37ea87e69,0.25,0.5,0.5,0.75,0.0,0.0,0.0,0.0,0,0,0,0.0,0.0,0.0,1.0,0.0,0.0010709504685407585,0.0,1.0,,0.0
balanced_active_68e6e415da80,0.25,0.5,0.75,0.75,0.0,0.0,0.0,0.0,0,0,0,0.0,0.0,0.0,1.0,0.0,0.0009346476816355636,0.0,1.0,,0.0
balanced_active_c9ce378328ee,0.25,0.5,1.0,0.75,0.0,1.0,-1.0,0.0,2,2,2,1514.0,1514.0,0.0,1.0,0.0,0.0023152626188360998,0.0020602441131743,0.2,,
balanced_active_2d49af5a0d9b,0.25,1.0,0.0,0.75,0.0,0.0,0.0,0.0,0,0,0,0.0,0.0,0.0,1.0,0.0,0.000642570281124475,0.0,1.0,,0.0
balanced_active_dc2fb7f19d88,0.25,1.0,0.25,0.75,0.0,0.0,0.0,0.0,0,0,0,0.0,0.0,0.0,1.0,0.0,0.0010709504685407585,0.0,1.0,,0.0
balanced_active_4d860bde1b20,0.25,1.0,0.5,0.75,0.0,0.0,0.0,0.0,0,0,0,0.0,0.0,0.0,1.0,0.0,0.0010709504685407585,0.0,1.0,,0.0
balanced_active_11d521c3fe3d,0.25,1.0,0.75,0.75,0.0,0.0,0.0,0.0,0,0,0,0.0,0.0,0.0,1.0,0.0,0.0009346476816355636,0.0,1.0,,0.0
balanced_active_cb05d4f23212,0.25,1.0,1.0,0.75,0.0,0.0,0.0,0.0,0,0,0,0.0,0.0,0.0,1.0,0.0,0.0011862835959220769,0.0,1.0,,0.0
balanced_active_b2408e9bf02e,0.25,2.0,0.0,0.75,0.0,0.0,0.0,0.0,0,0,0,0.0,0.0,0.0,1.0,0.0,0.000642570281124475,0.0,1.0,,0.0
balanced_active_58c25a0c951a,0.25,2.0,0.25,0.75,0.0,0.0,0.0,0.0,0,0,0,0.0,0.0,0.0,1.0,0.0,0.0010709504685407585,0.0,1.0,,0.0
balanced_active_71e5572486d0,0.25,2.0,0.5,0.75,0.0,0.0,0.0,0.0,0,0,0,0.0,0.0,0.0,1.0,0.0,0.0010709504685407585,0.0,1.0,,0.0
balanced_active_acaa7d973f24,0.25,2.0,0.75,0.75,0.0,0.0,0.0,0.0,0,0,0,0.0,0.0,0.0,1.0,0.0,0.0009346476816355636,0.0,1.0,,0.0
balanced_active_074f9adc9a15,0.25,2.0,1.0,0.75,0.0,0.0,0.0,0.0,0,0,0,0.0,0.0,0.0,1.0,0.0,0.0011862835959220769,0.0,1.0,,0.0
balanced_active_65af5c372be7,0.25,5.0,0.0,0.75,0.0,0.0,0.0,0.0,0,0,0,0.0,0.0,0.0,1.0,0.0,0.000642570281124475,0.0,1.0,,0.0
balanced_active_6acdcf618a54,0.25,5.0,0.25,0.75,0.0,0.0,0.0,0.0,0,0,0,0.0,0.0,0.0,1.0,0.0,0.0010709504685407585,0.0,1.0,,0.0
balanced_active_137389fe0b89,0.25,5.0,0.5,0.75,0.0,0.0,0.0,0.0,0,0,0,0.0,0.0,0.0,1.0,0.0,0.0010709504685407585,0.0,1.0,,0.0
balanced_active_bff69f7e15cd,0.25,5.0,0.75,0.75,0.0,0.0,0.0,0.0,0,0,0,0.0,0.0,0.0,1.0,0.0,0.0009346476816355636,0.0,1.0,,0.0
balanced_active_21810630cfed,0.25,5.0,1.0,0.75,0.0,0.0,0.0,0.0,0,0,0,0.0,0.0,0.0,1.0,0.0,0.0011862835959220769,0.0,1.0,,0.0
balanced_active_8c8f745feaf1,0.5,0.2,0.0,0.75,0.9105880784104547,0.9105880784104547,0.0,0.0,2,1,1,658.0,592.2,0.0,1.0,0.0,0.00248062015503875,0.0,1.0,,0.0
balanced_active_bddc73ad8389,0.5,0.2,0.25,0.75,0.5529772621190904,0.5529772621190904,0.0,0.0,2,2,2,2180.0,2180.0,0.0,1.0,0.0,0.00249688431991747,0.0,1.0,,0.08383054892601433
balanced_active_81fe3eb12c04,0.5,0.2,0.5,0.75,0.8516567771184745,1.0,-0.1483432228815254,-0.1741819320494754,2,2,2,2450.0,2450.0,0.0,1.0,0.0,0.0044772907068935,0.0039933411037095,0.2,,
balanced_active_8a8a4bf47f1f,0.5,0.2,0.75,0.75,0.6424428295219681,0.9609307287152477,-0.3184878991932795,-0.4957451224574512,4,3,2,4120.0,4111.400000000001,0.0,1.0,0.0,0.0037724861722983664,0.0030235077729345,0.4,,0.0
balanced_active_7ebf44990c42,0.5,0.2,1.0,0.75,0.9644619282571008,0.9644619282571008,0.0,0.0,2,2,2,224.0,224.0,0.0,1.0,0.0,0.0039709293408405335,0.0029792347339046,0.4,,0.0
balanced_active_a3b53dcd7894,0.5,0.5,0.0,0.75,0.0,0.0,0.0,0.0,2,2,2,5346.0,5346.0,0.0,1.0,0.0,0.001240310077519375,0.0,1.0,,0.6454860648086411
balanced_active_580141a84276,0.5,0.5,0.25,0.75,0.0,0.9450556778022272,-0.9450556778022272,0.0,2,1,1,4020.0,3417.0,0.0,1.0,0.0,0.00433656195270395,0.0037118835953304,0.2,,0.0
balanced_active_009c0b29a96e,0.5,0.5,0.5,0.75,0.0,1.0,-1.0,0.0,2,2,2,5084.0,5084.0,0.0,1.0,0.0,0.0044904330665793,0.0040196258230811,0.2,,
balanced_active_5b62973e9218,0.5,0.5,0.75,0.75,1.0,1.0,0.0,0.0,2,2,2,132.0,132.0,0.0,1.0,0.0,0.0044660865410928,0.0039709327721081,0.2,,
balanced_active_1abcb4e00a8b,0.5,0.5,1.0,0.75,1.0,1.0,0.0,0.0,4,3,3,224.0,222.2,0.0,1.0,0.0,0.00421372669900145,0.0034662130879254,0.3,,
balanced_active_20db3ed1b0f9,0.5,1.0,0.0,0.75,0.0,0.903787171622883,-0.903787171622883,0.0,2,2,2,7388.0,7388.0,0.0,1.0,0.0,0.00248062015503875,0.0,1.0,,0.0
balanced_active_06f6c7bc5995,0.5,1.0,0.25,0.75,0.0,0.0,0.0,0.0,0,0,0,0.0,0.0,0.0,1.0,0.0,0.0020671834625322918,0.0,1.0,,0.0
balanced_active_b4e97b992fc5,0.5,1.0,0.5,0.75,0.6717114474298286,0.0,0.6717114474298286,1.0,4,4,3,5172.0,5172.0,0.0,1.0,0.0,0.0020963418604890084,0.0,1.0,,0.7529835322354823
balanced_active_f8acc03eec2f,0.5,1.0,0.75,0.75,0.0,0.0,0.0,0.0,2,2,2,4156.0,4156.0,0.0,1.0,0.0,0.0018181889189720088,0.0,1.0,,0.46462625858505036
balanced_active_b9582abf0b27,0.5,1.0,1.0,0.75,1.0,0.0,1.0,1.0,2,2,2,4322.0,4322.0,0.0,1.0,0.0,0.0023104635275364156,0.0,1.0,,0.481530870782771
balanced_active_775dc9513212,0.5,2.0,0.0,0.75,0.0,0.0,0.0,0.0,0,0,0,0.0,0.0,0.0,1.0,0.0,0.001240310077519375,0.0,1.0,,0.0
balanced_active_124676c9f836,0.5,2.0,0.25,0.75,0.0,0.0,0.0,0.0,0,0,0,0.0,0.0,0.0,1.0,0.0,0.0020671834625322918,0.0,1.0,,0.0
balanced_active_a401ddc43f02,0.5,2.0,0.5,0.75,0.0,0.0,0.0,0.0,0,0,0,0.0,0.0,0.0,1.0,0.0,0.0020671834625322918,0.0,1.0,,0.0
balanced_active_86bdf70948db,0.5,2.0,0.75,0.75,1.0,0.0,1.0,1.0,4,4,3,6584.0,6584.0,0.0,1.0,0.0,0.0018292532913291638,0.0,1.0,,0.7502167100086684
balanced_active_da9652bf6c71,0.5,2.0,1.0,0.75,0.0,0.0,0.0,0.0,0,0,0,0.0,0.0,0.0,1.0,0.0,0.0022898032200357695,0.0,1.0,,0.0
balanced_active_d701bf75f907,0.5,5.0,0.0,0.75,0.0,0.0,0.0,0.0,0,0,0,0.0,0.0,0.0,1.0,0.0,0.001240310077519375,0.0,1.0,,0.0
balanced_active_6966ca0dbd78,0.5,5.0,0.25,0.75,0.0,0.0,0.0,0.0,0,0,0,0.0,0.0,0.0,1.0,0.0,0.0020671834625322918,0.0,1.0,,0.0
balanced_active_0bddbf719a68,0.5,5.0,0.5,0.75,0.0,0.0,0.0,0.0,0,0,0,0.0,0.0,0.0,1.0,0.0,0.0020671834625322918,0.0,1.0,,0.0
balanced_active_9901c770c7f9,0.5,5.0,0.75,0.75,0.0,0.0,0.0,0.0,0,0,0,0.0,0.0,0.0,1.0,0.0,0.0018040873854827276,0.0,1.0,,0.0
balanced_active_0efd36f94e52,0.5,5.0,1.0,0.75,0.0,0.0,0.0,0.0,0,0,0,0.0,0.0,0.0,1.0,0.0,0.0022898032200357695,0.0,1.0,,0.0
balanced_active_8cb706757fa0,1.0,0.2,0.0,0.75,0.924928328555237,0.924928328555237,0.0,0.0,2,2,2,54.0,54.0,0.0,1.0,0.0,0.00463768115942025,0.0,1.0,,0.0
balanced_active_0a14e312f62e,1.0,0.2,0.25,0.75,1.0,0.7868240314729612,0.2131759685270387,0.2131759685270387,5,3,3,9434.0,8319.2,0.0,1.0,0.0,0.0066886126241271,0.0041018629294137,0.4,,1.0
balanced_active_a9d08448bed8,1.0,0.2,0.5,0.75,0.9610614748633152,0.9610614748633152,0.0,0.0,4,2,2,161.0,137.2,0.0,1.0,0.0,0.0071913990778062,0.0055761952225947,0.4,,0.0
balanced_active_624cb2842244,1.0,0.2,0.75,0.75,0.9666622216295506,0.9666622216295506,0.0,0.0,5,4,4,5638.0,4792.3,0.0,1.0,0.0,0.0069144617916063,0.0045535612643721,0.4,,1.0
balanced_active_78c8302458e3,1.0,0.2,1.0,0.75,1.0,1.0,0.0,0.0,2,2,2,0.0,0.0,0.0,1.0,0.0,0.008347791674337201,0.0074202210298339,0.2,,
balanced_active_5d56c93d3874,1.0,0.5,0.0,0.75,1.0,1.0,0.0,0.0,2,1,1,344.0,309.6,0.0,1.0,0.0,0.00463768115942025,0.0,1.0,,
balanced_active_761dd3c89335,1.0,0.5,0.25,0.75,0.8591145486064808,0.8591145486064808,0.0,0.0,2,1,1,1613.0,1451.7,0.0,1.0,0.0,0.0082107527057116,0.0071461430925827,0.2,,0.0
balanced_active_1b6bac6c3763,1.0,0.5,0.5,0.75,1.0,1.0,0.0,0.0,4,3,3,8822.0,7942.4,0.0,1.0,0.0,0.0070628600596709,0.0048503578005013,0.3,,
balanced_active_5232e71472a3,1.0,0.5,0.75,0.75,0.840034673601387,0.8066946722677868,0.0333400013336,0.039688839498333,6,5,4,8247.0,7735.5999999999985,0.0,1.0,0.0,0.00714018888069925,0.005005015442558,0.4,,1.0
balanced_active_c5d948ecbb19,1.0,0.5,1.0,0.75,1.0,1.0,0.0,0.0,4,3,3,10027.0,9244.9,0.0,1.0,0.0,0.00705407396823525,0.00483278561763,0.3,,
balanced_active_4140b0bc7f57,1.0,1.0,0.0,0.75,1.0,0.8284990331399613,0.1715009668600386,0.1715009668600386,4,4,4,7975.0,7691.900000000001,0.0,1.0,0.0,0.00463768115942025,0.0,1.0,,1.0
balanced_active_74c5cc92b917,1.0,1.0,0.25,0.75,1.0,0.7053607147619682,0.2946392852380317,0.2946392852380317,4,3,3,15466.0,14945.349999999999,0.0,1.0,0.0,0.0071733618085544505,0.0050713612982684,0.3,,1.0
balanced_active_91df2eef7550,1.0,1.0,0.5,0.75,1.0,0.7220962795039338,0.2779037204960661,0.2779037204960661,5,4,3,9408.0,8544.0,0.0,1.0,0.0,0.00744668683160525,0.00561801134437,0.3,,1.0
balanced_active_f07ada99103b,1.0,1.0,0.75,0.75,1.0,1.0,0.0,0.0,5,4,3,5186.0,4900.200000000001,0.0,1.0,0.0,0.00782486685168835,0.0063743713845362,0.3,,
balanced_active_7bf50f063792,1.0,1.0,1.0,0.75,0.8475028339001133,0.8141628325665133,0.0333400013336,0.03933910306845,5,3,3,8237.0,7176.9,0.0,1.0,0.0,0.00677192130767875,0.004268480296517,0.4,,1.0
balanced_active_6631dae289ba,1.0,2.0,0.0,0.75,1.0,0.0,1.0,1.0,5,4,4,9489.0,8540.1,0.0,1.0,0.0,0.00463768115942025,0.0,1.0,,0.8701826910254701
balanced_active_8c3e16c4de89,1.0,2.0,0.25,0.75,0.8545139351913588,0.8211761568209094,0.0333377783704493,0.0390137328339575,5,3,3,5899.0,4859.799999999999,0.0,1.0,0.0,0.00696370882751935,0.0046520553361982,0.4,,1.0
balanced_active_10d162e6eef6,1.0,2.0,0.5,0.75,0.9052540338711828,0.9052540338711828,0.0,0.0,6,5,4,14071.0,12942.150000000001,0.0,1.0,0.0,0.0063124340914939,0.0033495058641473,0.5,,0.0
balanced_active_b2bd2442ccd6,1.0,2.0,0.75,0.75,0.8614389544575581,0.8280989531239581,0.0333400013336,0.038702685966406,5,3,3,7780.0,6613.0,0.0,1.0,0.0,0.00681561074695665,0.0043558591750728,0.4,,1.0
balanced_active_75eb8fd507af,1.0,2.0,1.0,0.75,0.8499799973329777,0.8166422189625283,0.0333377783704493,0.0392218387197991,6,5,4,11301.0,10207.099999999999,0.0,1.0,0.0,0.00637764980518525,0.00347993729153,0.5,,1.0
balanced_active_9cd72c6f271e,1.0,5.0,0.0,0.75,1.0,0.0,1.0,1.0,5,4,4,9442.0,8497.8,0.0,1.0,0.0,0.00463768115942025,0.0,1.0,,0.8703073948122958
balanced_active_b320cc63c965,1.0,5.0,0.25,0.75,1.0,1.0,0.0,0.0,5,4,3,9720.0,9027.400000000001,0.0,1.0,0.0,0.0068054639331344,0.0043355655474283,0.4,,
balanced_active_31dae9d3e929,1.0,5.0,0.5,0.75,1.0,0.7475663421789571,0.2524336578210428,0.2524336578210428,4,2,2,2463.0,2057.3,0.0,1.0,0.0,0.0076819535783121,0.0060885448377837,0.3,,1.0
balanced_active_f0f92d7aa17d,1.0,5.0,0.75,0.75,1.0,0.7116089884643595,0.2883910115356404,0.2883910115356404,5,3,3,6522.0,5659.05,0.0,1.0,0.0,0.006893744329188999,0.0045121263395375,0.4,,1.0
balanced_active_49230a18dec9,1.0,5.0,1.0,0.75,1.0,0.6890918789171889,0.310908121082811,0.310908121082811,5,4,4,10791.0,10120.3,0.0,1.0,0.0,0.00675453502064985,0.0042337077224592,0.4,,1.0
balanced_active_76fd504673c1,2.0,0.2,0.0,0.75,1.0,1.0,0.0,0.0,3,2,2,2731.0,2457.9,0.0,1.0,0.0,0.0082051282051282,0.0,1.0,,0.0
balanced_active_06592c9fa351,2.0,0.2,0.25,0.75,0.7535004667288971,0.9660621416188824,-0.2125616748899853,-0.2820989292982921,2,1,1,737.0,626.45,0.0,1.0,0.0,0.0147685306729675,0.0131268049356786,0.2,,0.0
balanced_active_890720d49bf4,2.0,0.2,0.5,0.75,0.9666599986664,0.9666599986664,0.0,0.0,5,4,4,8654.0,7785.6,0.0,1.0,0.0,0.0112093340933717,0.006008411776487,0.4,,0.0
balanced_active_20d4f1599f76,2.0,0.2,0.75,0.75,0.9324531572981262,0.9661265586450624,-0.033673401346936,-0.0361127002288329,6,5,4,3963.0,3962.5,0.0,1.0,0.0,0.010760815040872666,0.0072160224562618,0.5,,0.0
balanced_active_5515e1f7fe43,2.0,0.2,1.0,0.75,0.9666599986664,0.9666599986664,0.0,0.0,6,4,4,10248.0,8242.65,0.0,1.0,0.0,0.0106528389836226,0.0048954215569888,0.5,,0.0
balanced_active_46877618aa7a,2.0,0.5,0.0,0.75,1.0,1.0,0.0,0.0,4,3,3,5558.0,5002.2,0.0,1.0,0.0,0.0082051282051282,0.0,1.0,,
balanced_active_2b03f8802104,2.0,0.5,0.25,0.75,0.8653153753833844,0.9464595279370582,-0.0811441525536738,-0.0937740792109724,5,3,3,11048.0,9426.65,0.0,1.0,0.0,0.0110640408653464,0.0057178253204364,0.4,,0.0
balanced_active_d47583dfc99b,2.0,0.5,0.5,0.75,1.0,1.0,0.0,0.0,6,5,4,11211.0,9623.65,0.0,1.0,0.0,0.010683049922625299,0.0049558434349942,0.5,,
balanced_active_bc1d085ea66c,2.0,0.5,0.75,0.75,1.0,1.0,0.0,0.0,6,5,5,8956.0,8170.1,0.0,1.0,0.0,0.01091455321095345,0.0054188500116505,0.5,,
balanced_active_088c04779e6f,2.0,0.5,1.0,0.75,0.8212975928519037,0.9257851570314062,-0.1044875641795025,-0.127222537955671,5,3,3,11430.0,9205.3,0.0,1.0,0.0,0.01109445263292155,0.0057786488555867,0.4,,0.0
balanced_active_ccb5f42c67f9,2.0,1.0,0.0,0.75,1.0,0.7354980664088545,0.2645019335911454,0.2645019335911454,5,4,4,10385.0,9346.5,0.0,1.0,0.0,0.0082051282051282,0.0,1.0,,0.8605999495840686
balanced_active_bd8a9204c57f,2.0,1.0,0.25,0.75,1.0,0.8947192959061208,0.1052807040938791,0.1052807040938791,6,4,4,4373.0,3800.7,0.0,1.0,0.0,0.011460092839937399,0.0065099292696184,0.5,,1.0
balanced_active_a653867c8644,2.0,1.0,0.5,0.75,1.0,0.8505034340201373,0.1494965659798626,0.1494965659798626,6,4,4,8795.0,7615.999999999999,0.0,1.0,0.0,0.01081240459206885,0.0052145527738813,0.5,,1.0
balanced_active_0b1386e94e51,2.0,1.0,0.75,0.75,1.0,1.0,0.0,0.0,6,4,4,11386.0,9975.5,0.0,1.0,0.0,0.01052691375108445,0.0046435710919125,0.5,,
balanced_active_1d8fea831325,2.0,1.0,1.0,0.75,1.0,0.8026271921050876,0.1973728078949123,0.1973728078949123,7,5,5,12497.0,10818.0,0.0,1.0,0.0,0.00999264996261955,0.0035750435149827,0.6,,1.0
balanced_active_3c5c842bcc17,2.0,2.0,0.0,0.75,1.0,0.8270436058141085,0.1729563941858914,0.1729563941858914,5,4,4,9646.0,8681.4,0.0,1.0,0.0,0.0082051282051282,0.0,1.0,,1.0
balanced_active_1df33a23825e,2.0,2.0,0.25,0.75,1.0,0.8293105747432991,0.1706894252567008,0.1706894252567008,7,5,5,12498.0,10687.45,0.0,1.0,0.0,0.01000309919486625,0.0035959419794761,0.6,,1.0
balanced_active_4aba985e3a3f,2.0,2.0,0.5,0.75,0.9235847169433886,0.8902447156097886,0.0333400013336,0.0360984766442856,7,5,5,12497.0,10718.800000000001,0.0,1.0,0.0,0.01000059733876945,0.0035909382672825,0.6,,1.0
balanced_active_baf6dca145dd,2.0,2.0,0.75,0.75,1.0,0.7985731430857447,0.2014268569142552,0.2014268569142552,6,4,4,10389.0,9010.85,0.0,1.0,0.0,0.01063572258267725,0.0048611887550981,0.5,,1.0
balanced_active_7238e3a2d1c3,2.0,2.0,1.0,0.75,1.0,0.8582383143295325,0.1417616856704674,0.1417616856704674,7,6,5,13709.0,11791.7,0.0,1.0,0.0,0.0100217947582532,0.00363333310625,0.6,,1.0
balanced_active_0c50fedbe19a,2.0,5.0,0.0,0.75,0.9204507568180302,0.9204507568180302,0.0,0.0,5,4,4,9880.0,8892.0,0.0,1.0,0.0,0.0082051282051282,0.0,1.0,,1.0
balanced_active_631f69e5084c,2.0,5.0,0.25,0.75,1.0,0.8103080410721429,0.189691958927857,0.189691958927857,7,5,5,12498.0,10758.25,0.0,1.0,0.0,0.0099974597147642,0.003584663019272,0.6,,1.0
balanced_active_050426926ad0,2.0,5.0,0.5,0.75,1.0,0.849856657110474,0.1501433428895259,0.1501433428895259,7,5,5,12499.0,10668.35,0.0,1.0,0.0,0.01000471699908875,0.0035991775879211,0.6,,1.0
balanced_active_ac48b319d18a,2.0,5.0,0.75,0.75,1.0,0.8146543102873524,0.1853456897126475,0.1853456897126475,7,5,5,12499.0,10940.3,0.0,1.0,0.0,0.009982886230039,0.0035555160498216,0.6,,1.0
balanced_active_e8cac0643e2c,2.0,5.0,1.0,0.75,1.0,0.8175756767569009,0.182424323243099,0.182424323243099,6,4,4,7780.0,6871.75,0.0,1.0,0.0,0.01091792691817645,0.0054255974260965,0.5,,1.0
balanced_active_49db9a65cee7,4.0,0.2,0.0,0.75,1.0,1.0,0.0,0.0,2,1,1,0.0,0.0,0.0,1.0,0.0,0.0133333333333333,0.0,1.0,,
balanced_active_82c638c29d42,4.0,0.2,0.25,0.75,0.9811974929990664,0.9478597146286172,0.0333377783704493,0.0339766240826311,5,3,3,12208.0,10088.8,0.0,1.0,0.0,0.01674481809678945,0.0068229695269123,0.4,,1.0
balanced_active_55ac9eafd194,4.0,0.2,0.5,0.75,0.9645286038138418,0.9645286038138418,0.0,0.0,6,4,4,11844.0,10083.45,0.0,1.0,0.0,0.016182880112917998,0.0056990935591694,0.5,,0.0
balanced_active_35e6a99c3ea5,4.0,0.2,0.75,0.75,1.0,0.8629817308974529,0.137018269102547,0.137018269102547,5,3,3,10943.0,9580.300000000001,0.0,1.0,0.0,0.0169797522460927,0.0072928378255188,0.4,,1.0
balanced_active_189623b97ee8,4.0,0.2,1.0,0.75,1.0,1.0,0.0,0.0,5,3,3,2810.0,2519.7000000000003,0.0,1.0,0.0,0.0197214089255611,0.0127761511844556,0.4,,
balanced_active_3e1041666aad,4.0,0.5,0.0,0.75,0.99666599986664,0.99666599986664,0.0,0.0,4,3,3,5718.0,5146.2,0.0,1.0,0.0,0.0133333333333333,0.0,1.0,,0.0
balanced_active_bae7d2f2ff83,4.0,0.5,0.25,0.75,0.98833099953324,0.95499099819964,0.0333400013336,0.0337336391849952,7,5,5,12497.0,10704.0,0.0,1.0,0.0,0.0155543463373644,0.0044420260080622,0.6,,1.0
balanced_active_0aaff1a73646,4.0,0.5,0.5,0.75,0.9765286390611456,0.9765286390611456,0.0,0.0,7,5,5,12497.0,10783.35,0.0,1.0,0.0,0.01556886941488565,0.0044710721631047,0.6,,1.0
balanced_active_789bcb2cd33a,4.0,0.5,0.75,0.75,1.0,1.0,0.0,0.0,5,3,3,4233.0,3598.05,0.0,1.0,0.0,0.01880199788544965,0.0109373291042327,0.4,,
balanced_active_bb06bb6967e9,4.0,0.5,1.0,0.75,0.9661265586450624,0.9661265586450624,0.0,0.0,5,3,3,1650.0,1329.5,0.0,1.0,0.0,0.020301407938185398,0.0139361492097042,0.4,,0.0
balanced_active_61958256c145,4.0,1.0,0.0,0.75,1.0,1.0,0.0,0.0,6,5,5,12498.0,11248.199999999999,0.0,1.0,0.0,0.0133333333333333,0.0,1.0,,
balanced_active_542b8ab84782,4.0,1.0,0.25,0.75,1.0,1.0,0.0,0.0,7,5,5,12498.0,10754.650000000001,0.0,1.0,0.0,0.01560260512401565,0.0045385435813647,0.6,,
balanced_active_d3b3c3bba9dd,4.0,1.0,0.5,0.75,0.967660198706408,0.9343201973728078,0.0333400013336,0.0344542447629547,7,5,5,12497.0,10795.5,0.0,1.0,0.0,0.01558599146993445,0.0045053162732023,0.6,,1.0
balanced_active_a8775a2147e8,4.0,1.0,0.75,0.75,0.9871982931057474,0.953860514735298,0.0333377783704493,0.0337700932054572,7,5,5,12498.0,10768.0,0.0,1.0,0.0,0.015548939509335499,0.0044312123520044,0.6,,1.0
balanced_active_0b764f814a6c,4.0,1.0,1.0,0.75,1.0,0.8666399946655997,0.1333600053344002,0.1333600053344002,7,5,5,12497.0,10479.55,0.0,1.0,0.0,0.0156386958948216,0.0046107251229766,0.6,,1.0
balanced_active_02f1e132fb59,4.0,2.0,0.0,0.75,1.0,0.8610388744415549,0.138961125558445,0.138961125558445,6,5,5,12497.0,11247.3,0.0,1.0,0.0,0.0133333333333333,0.0,1.0,,1.0
balanced_active_b67312a9d4a9,4.0,2.0,0.25,0.75,1.0,0.8225763435124683,0.1774236564875316,0.1774236564875316,7,5,5,12498.0,10619.099999999999,0.0,1.0,0.0,0.01562024988374835,0.0045738331008301,0.6,,1.0
balanced_active_b1153f215c93,4.0,2.0,0.5,0.75,1.0,1.0,0.0,0.0,7,5,5,12497.0,10881.95,0.0,1.0,0.0,0.015586372119396,0.0045060775721254,0.6,,
balanced_active_02770137011e,4.0,2.0,0.75,0.75,1.0,1.0,0.0,0.0,7,6,5,17976.0,17095.6,0.0,1.0,0.0,0.01556301880832595,0.0044593709499853,0.6,,
balanced_active_b483f54ab1f0,4.0,2.0,1.0,0.75,1.0,0.8056277922251116,0.1943722077748883,0.1943722077748883,7,5,5,12497.0,10674.300000000001,0.0,1.0,0.0,0.0156129447735633,0.00455922288046,0.6,,1.0
balanced_active_3829a7a05bfd,4.0,5.0,0.0,0.75,1.0,0.7006934257901053,0.2993065742098946,0.2993065742098946,6,5,5,12498.0,11248.2,0.0,1.0,0.0,0.0133333333333333,0.0,1.0,,1.0
balanced_active_f8afbf80a299,4.0,5.0,0.25,0.75,1.0,1.0,0.0,0.0,7,5,5,12496.0,10734.45,0.0,1.0,0.0,0.01560531188585575,0.0045439571050449,0.6,,
balanced_active_dd9253b25060,4.0,5.0,0.5,0.75,1.0,1.0,0.0,0.0,7,6,5,15205.0,13911.3,0.0,1.0,0.0,0.0155799185238437,0.0044931703810208,0.6,,
balanced_active_8e02f77387f1,4.0,5.0,0.75,0.75,1.0,0.8934453557378143,0.1065546442621857,0.1065546442621857,7,5,5,12497.0,10747.9,0.0,1.0,0.0,0.0156035131031938,0.004540359539721,0.6,,1.0
balanced_active_36d0a0afeb3c,4.0,5.0,1.0,0.75,1.0,0.8527038741081548,0.147296125891845,0.147296125891845,7,5,5,12497.0,10638.65,0.0,1.0,0.0,0.0156177618121609,0.0045688569576552,0.6,,1.0
balanced_active_acfabada22c9,0.25,0.2,0.0,0.5,0.1667000066680002,0.1667000066680002,0.0,0.0,2,2,2,166.0,166.0,0.0,1.0,0.0,0.00130081300813005,0.0,1.0,,0.7889093382411779
balanced_active_1f7d36a4defe,0.25,0.2,0.25,0.5,0.0,0.0,0.0,0.0,0,0,0,0.0,0.0,0.0,1.0,0.0,0.0010840108401083584,0.0,1.0,,0.0
balanced_active_1a27a9d5f2ed,0.25,0.2,0.5,0.5,0.0,0.0,0.0,0.0,0,0,0,0.0,0.0,0.0,1.0,0.0,0.0010840108401083584,0.0,1.0,,0.0
balanced_active_a22c27f864d4,0.25,0.2,0.75,0.5,1.0,1.0,0.0,0.0,2,2,2,2.0,2.0,0.0,1.0,0.0,0.0023414593535752,0.0020812926908903,0.2,,
balanced_active_d49ba57574e5,0.25,0.2,1.0,0.5,0.8957930528701913,0.8957930528701913,0.0,0.0,2,2,2,0.0,0.0,0.0,1.0,0.0,0.0015609688413333299,0.0005203224958829,0.8,,0.0
balanced_active_065e5d08bf50,0.25,0.5,0.0,0.5,0.0,0.0,0.0,0.0,0,0,0,0.0,0.0,0.0,1.0,0.0,0.000650406504065025,0.0,1.0,,0.0
balanced_active_2559ec205716,0.25,0.5,0.25,0.5,0.9642619015868782,0.9642619015868782,0.0,0.0,2,2,2,72.0,72.0,0.0,1.0,0.0,0.0020814460111629254,0.0015611340077432,0.4,,0.0
balanced_active_215f7d943acd,0.25,0.5,0.5,0.5,0.1197492999066542,0.1197492999066542,0.0,0.0,2,2,2,88.0,88.0,0.0,1.0,0.0,0.0015611010081625128,0.000520378002581,0.8,,0.7287532192092108
balanced_active_68a3a92ce4fb,0.25,0.5,0.75,0.5,0.0,0.0,0.0,0.0,0,0,0,0.0,0.0,0.0,1.0,0.0,0.0009460458240945636,0.0,1.0,,0.0
balanced_active_8fd7fe8dacd9,0.25,0.5,1.0,0.5,0.0,0.0,0.0,0.0,0,0,0,0.0,0.0,0.0,1.0,0.0,0.0012007504690430923,0.0,1.0,,0.0
balanced_active_6a2e88522e6b,0.25,1.0,0.0,0.5,0.0,0.0,0.0,0.0,0,0,0,0.0,0.0,0.0,1.0,0.0,0.000650406504065025,0.0,1.0,,0.0
balanced_active_6e2c0ed209a8,0.25,1.0,0.25,0.5,0.0,0.0,0.0,0.0,0,0,0,0.0,0.0,0.0,1.0,0.0,0.0010840108401083584,0.0,1.0,,0.0
balanced_active_38b0be7e582d,0.25,1.0,0.5,0.5,0.0,0.0,0.0,0.0,0,0,0,0.0,0.0,0.0,1.0,0.0,0.0010840108401083584,0.0,1.0,,0.0
balanced_active_2daada90dddc,0.25,1.0,0.75,0.5,0.0,0.0,0.0,0.0,0,0,0,0.0,0.0,0.0,1.0,0.0,0.0009460458240945636,0.0,1.0,,0.0
balanced_active_2ac5136d61a1,0.25,1.0,1.0,0.5,0.0,0.0,0.0,0.0,0,0,0,0.0,0.0,0.0,1.0,0.0,0.0012007504690430923,0.0,1.0,,0.0
balanced_active_4c4387d8a348,0.25,2.0,0.0,0.5,0.0,0.0,0.0,0.0,0,0,0,0.0,0.0,0.0,1.0,0.0,0.000650406504065025,0.0,1.0,,0.0
balanced_active_8f413a447433,0.25,2.0,0.25,0.5,0.0,0.0,0.0,0.0,0,0,0,0.0,0.0,0.0,1.0,0.0,0.0010840108401083584,0.0,1.0,,0.0
balanced_active_3ae8ecf2dc4e,0.25,2.0,0.5,0.5,0.0,0.0,0.0,0.0,0,0,0,0.0,0.0,0.0,1.0,0.0,0.0010840108401083584,0.0,1.0,,0.0
balanced_active_f39ffd6153ec,0.25,2.0,0.75,0.5,0.0,0.0,0.0,0.0,0,0,0,0.0,0.0,0.0,1.0,0.0,0.0009460458240945636,0.0,1.0,,0.0
balanced_active_0b62a5ca8827,0.25,2.0,1.0,0.5,0.0,0.0,0.0,0.0,0,0,0,0.0,0.0,0.0,1.0,0.0,0.0012007504690430923,0.0,1.0,,0.0
balanced_active_5b2bdc5b4e3c,0.25,5.0,0.0,0.5,0.0,0.0,0.0,0.0,0,0,0,0.0,0.0,0.0,1.0,0.0,0.000650406504065025,0.0,1.0,,0.0
balanced_active_9e7132e9130f,0.25,5.0,0.25,0.5,0.0,0.0,0.0,0.0,0,0,0,0.0,0.0,0.0,1.0,0.0,0.0010840108401083584,0.0,1.0,,0.0
balanced_active_a25bda154156,0.25,5.0,0.5,0.5,0.0,0.0,0.0,0.0,0,0,0,0.0,0.0,0.0,1.0,0.0,0.0010840108401083584,0.0,1.0,,0.0
balanced_active_8d6f6430348a,0.25,5.0,0.75,0.5,0.0,0.0,0.0,0.0,0,0,0,0.0,0.0,0.0,1.0,0.0,0.0009460458240945636,0.0,1.0,,0.0
balanced_active_1c0666cb071b,0.25,5.0,1.0,0.5,0.0,0.0,0.0,0.0,0,0,0,0.0,0.0,0.0,1.0,0.0,0.0012007504690430923,0.0,1.0,,0.0
balanced_active_3e0d27b727a4,0.5,0.2,0.0,0.5,0.936058141085478,0.936058141085478,0.0,0.0,2,2,2,0.0,0.0,0.0,1.0,0.0,0.0025396825396825,0.0,1.0,,0.04171011470281543
balanced_active_eb8da3029ca5,0.5,0.2,0.25,0.5,0.5998533039941321,0.5998533039941321,0.0,0.0,2,2,2,602.0,602.0,0.0,1.0,0.0,0.0030531279541977626,0.0010181925554851,0.8,,0.08831861356440593
balanced_active_7b7fd69b9869,0.5,0.2,0.5,0.5,0.9235847169433886,0.957991598319664,-0.0344068813762752,-0.0372536278969027,4,4,3,12114.0,12114.0,0.0,1.0,0.0,0.0041167439560864,0.0031541228328078,0.3,,0.0
balanced_active_8be66d2b0403,0.5,0.2,0.75,0.5,0.9666644442962864,0.9666644442962864,0.0,0.0,2,2,2,32.0,32.0,0.0,1.0,0.0,0.0040637148239894005,0.0030479054539728,0.4,,0.0
balanced_active_19f8b4a55267,0.5,0.2,1.0,0.5,0.9005801160232046,0.9005801160232046,0.0,0.0,4,4,3,12980.0,12980.0,0.0,1.0,0.0,0.003426947184575578,0.00215611920105,0.6,,0.0
balanced_active_0b5d9973390d,0.5,0.5,0.0,0.5,1.0,0.5167033406681336,0.4832966593318663,0.4832966593318663,2,2,2,5434.0,5434.0,0.0,1.0,0.0,0.0025396825396825,0.0,1.0,,0.9169426048565121
balanced_active_9a06e9ec56c1,0.5,0.5,0.25,0.5,0.0,0.0,0.0,0.0,2,2,2,2982.0,2982.0,0.0,1.0,0.0,0.0021358745838480834,0.0,1.0,,0.5382717695692759
balanced_active_5afdb1fc83d0,0.5,0.5,0.5,0.5,0.6578420912243264,1.0,-0.3421579087756735,-0.5201216421692852,2,2,2,76.0,76.0,0.0,1.0,0.0,0.00457183113038745,0.0040642971814099,0.2,,
balanced_active_0d1ed1a6afc5,0.5,0.5,0.75,0.5,0.5732764368582477,0.5732764368582477,0.0,0.0,2,2,2,1654.0,1654.0,0.0,1.0,0.0,0.0030615531068666833,0.0010223041201411,0.8,,0.0
balanced_active_8d5f16ccec26,0.5,0.5,1.0,0.5,1.0,0.6039471929590612,0.3960528070409387,0.3960528070409387,5,5,4,13632.0,13582.5,0.0,1.0,0.0,0.0042740601335061,0.0034687551876472,0.3,,1.0
balanced_active_a6ef4c38b971,0.5,1.0,0.0,0.5,0.0,0.0,0.0,0.0,2,2,2,4488.0,4488.0,0.0,1.0,0.0,0.00126984126984125,0.0,1.0,,0.592785223711409
balanced_active_84042dd775d2,0.5,1.0,0.25,0.5,0.0,0.0,0.0,0.0,0,0,0,0.0,0.0,0.0,1.0,0.0,0.0021164021164020836,0.0,1.0,,0.0
balanced_active_8cd33b590f41,0.5,1.0,0.5,0.5,0.0,0.0,0.0,0.0,0,0,0,0.0,0.0,0.0,1.0,0.0,0.0021164021164020836,0.0,1.0,,0.0
balanced_active_e923ddd15e4c,0.5,1.0,0.75,0.5,0.6585983863439354,0.9271187570847502,-0.2685203707408148,-0.4077148931861901,4,4,3,12108.0,12108.0,0.0,1.0,0.0,0.004144554736115267,0.0031949222036443,0.4,,0.0
balanced_active_7184340a8e47,0.5,1.0,1.0,0.5,0.8939929328621908,0.8939929328621908,0.0,0.0,2,2,2,62.0,62.0,0.0,1.0,0.0,0.004064076146239833,0.0030483700111519,0.4,,0.0
balanced_active_332e176f9400,0.5,2.0,0.0,0.5,0.9189837967593518,0.9189837967593518,0.0,0.0,2,2,2,2430.0,2430.0,0.0,1.0,0.0,0.0025396825396825,0.0,1.0,,0.0
balanced_active_50288441cdd9,0.5,2.0,0.25,0.5,0.0,0.0,0.0,0.0,0,0,0,0.0,0.0,0.0,1.0,0.0,0.0021164021164020836,0.0,1.0,,0.0
balanced_active_420462119f30,0.5,2.0,0.5,0.5,0.9301860372074414,0.9301860372074414,0.0,0.0,2,2,2,2426.0,2426.0,0.0,1.0,0.0,0.004098375523391,0.0030856737311452,0.4,,0.0
balanced_active_99ea33902ece,0.5,2.0,0.75,0.5,0.0,0.0,0.0,0.0,0,0,0,0.0,0.0,0.0,1.0,0.0,0.0018470418470418184,0.0,1.0,,0.0
balanced_active_f4b05a3ce708,0.5,2.0,1.0,0.5,0.0,0.0,0.0,0.0,0,0,0,0.0,0.0,0.0,1.0,0.0,0.002344322344322308,0.0,1.0,,0.0
balanced_active_124c915e5a69,0.5,5.0,0.0,0.5,0.0,0.0,0.0,0.0,0,0,0,0.0,0.0,0.0,1.0,0.0,0.00126984126984125,0.0,1.0,,0.0
balanced_active_e17a123c5a68,0.5,5.0,0.25,0.5,0.0,0.0,0.0,0.0,2,2,2,4344.0,4344.0,0.0,1.0,0.0,0.0021448967800130835,0.0,1.0,,0.4421922923056408
balanced_active_7a1d46c941db,0.5,5.0,0.5,0.5,0.0,0.8433791172156287,-0.8433791172156287,0.0,6,6,3,19250.0,19250.0,0.0,1.0,0.0,0.004481147234752067,0.0042225717573288,0.2,,0.0
balanced_active_92b8a544f2ef,0.5,5.0,0.75,0.5,0.0,0.0,0.0,0.0,0,0,0,0.0,0.0,0.0,1.0,0.0,0.0018470418470418184,0.0,1.0,,0.0
balanced_active_3fbb5d07bbe3,0.5,5.0,1.0,0.5,0.1691558874516602,0.1358181090812108,0.0333377783704493,0.197083169097359,2,2,2,3074.0,3074.0,0.0,1.0,0.0,0.0028071115303258272,0.0,1.0,,0.41293110099529357
balanced_active_c34142bdc704,1.0,0.2,0.0,0.5,0.9997999866657776,0.9997999866657776,0.0,0.0,3,3,3,5391.0,4852.5,0.0,1.0,0.0,0.0048484848484848,0.0,1.0,,0.0
balanced_active_4236fef49b3d,1.0,0.2,0.25,0.5,0.7480162699206507,1.0,-0.2519837300793492,-0.3368693171688357,4,4,4,14538.0,14538.0,0.0,1.0,0.0,0.00754116019454165,0.0053853506921137,0.3,,
balanced_active_07b2207b1745,1.0,0.2,0.5,0.5,0.9327243632484332,0.9660621416188824,-0.0333377783704493,-0.0357423690042175,4,4,3,15988.0,15988.0,0.0,1.0,0.0,0.0074023578881592,0.0051077460793488,0.3,,0.0
balanced_active_580dbaf74b12,1.0,0.2,0.75,0.5,0.8973264884325621,0.8973264884325621,0.0,0.0,2,2,2,0.0,0.0,0.0,1.0,0.0,0.00659389425939078,0.003878750266664,0.6,,0.0
balanced_active_97717402bcdd,1.0,0.2,1.0,0.5,1.0,1.0,0.0,0.0,4,4,3,314.0,313.59999999999997,0.0,1.0,0.0,0.0082464771204795,0.0067959845439894,0.3,,
balanced_active_8afbd39b0fcd,1.0,0.5,0.0,0.5,0.8634393545375741,0.890378075615123,-0.0269387210775488,-0.0311993204108425,3,3,3,6406.0,5846.2,0.0,1.0,0.0,0.0048484848484848,0.0,1.0,,0.0
balanced_active_d53ffc24b302,1.0,0.5,0.25,0.5,1.0,0.7297946118965057,0.2702053881034942,0.2702053881034942,6,6,4,12585.0,11725.4,0.0,1.0,0.0,0.0072555568259546,0.0048141439549396,0.4,,1.0
balanced_active_242b301d29d8,1.0,0.5,0.5,0.5,1.0,0.6605773718247883,0.3394226281752116,0.3394226281752116,5,5,4,13886.0,13829.0,0.0,1.0,0.0,0.00761929711209985,0.0055416245272301,0.3,,1.0
balanced_active_0b8ac7dc909a,1.0,0.5,0.75,0.5,1.0,1.0,0.0,0.0,4,4,3,11486.0,11204.45,0.0,1.0,0.0,0.00760565496785055,0.0055143402387315,0.3,,
balanced_active_a4b861bf9d1d,1.0,0.5,1.0,0.5,1.0,1.0,0.0,0.0,6,6,5,13983.0,12720.400000000001,0.0,1.0,0.0,0.0075443265127177,0.0053916833284658,0.4,,
balanced_active_f1fd4292435e,1.0,1.0,0.0,0.5,0.797759551910382,0.8873107954924317,-0.0895512435820497,-0.1122534269475091,4,4,4,9113.0,8470.3,0.0,1.0,0.0,0.0048484848484848,0.0,1.0,,0.0
balanced_active_3f77a3bc31aa,1.0,1.0,0.25,0.5,1.0,1.0,0.0,0.0,7,7,5,18070.0,16996.35,0.0,1.0,0.0,0.00673139424476755,0.0037658187925655,0.5,,
balanced_active_4d5b56bcbd37,1.0,1.0,0.5,0.5,1.0,1.0,0.0,0.0,6,6,5,18617.0,18389.8,0.0,1.0,0.0,0.00735291455853445,0.0050088594200993,0.4,,
balanced_active_4c3ff58106eb,1.0,1.0,0.75,0.5,1.0,1.0,0.0,0.0,6,6,4,17698.0,16651.649999999998,0.0,1.0,0.0,0.0071906337701204,0.0046842978432712,0.4,,
balanced_active_17109bd206c9,1.0,1.0,1.0,0.5,0.9536543078154174,0.9536543078154174,0.0,0.0,6,6,5,8756.0,8570.95,0.0,1.0,0.0,0.006326288951122133,0.004272828655298,0.5,,0.0
balanced_active_fc7c464db282,1.0,2.0,0.0,0.5,1.0,1.0,0.0,0.0,4,4,4,4823.0,4501.099999999999,0.0,1.0,0.0,0.0048484848484848,0.0,1.0,,
balanced_active_d4f7ad6f5aa7,1.0,2.0,0.25,0.5,1.0,0.8192971927718877,0.1807028072281122,0.1807028072281122,5,5,4,9614.0,9504.4,0.0,1.0,0.0,0.0081815959744097,0.0066662222518498,0.3,,1.0
balanced_active_11f8f704c18f,1.0,2.0,0.5,0.5,0.8788585905727048,1.0,-0.1211414094272951,-0.1378394780761644,5,5,4,11333.0,10882.4,0.0,1.0,0.0,0.00735574021871235,0.0050145107404551,0.4,,
balanced_active_38c16e45d40b,1.0,2.0,0.75,0.5,0.8841768353670734,0.8841768353670734,0.0,0.0,6,6,4,14655.0,13845.45,0.0,1.0,0.0,0.00731727014439955,0.0049375705918295,0.4,,0.0
balanced_active_a9ff491b08d6,1.0,2.0,1.0,0.5,1.0,0.7487497499499899,0.25125025005001,0.25125025005001,5,5,4,11894.0,10717.25,0.0,1.0,0.0,0.00625660583423985,0.0028162419715101,0.6,,1.0
balanced_active_3de97741c608,1.0,5.0,0.0,0.5,1.0,0.0,1.0,1.0,5,5,5,12712.0,12026.800000000001,0.0,1.0,0.0,0.0048484848484848,0.0,1.0,,1.0
balanced_active_6818b45c1476,1.0,5.0,0.25,0.5,1.0,0.7741032137618349,0.225896786238165,0.225896786238165,5,5,4,12489.0,11344.4,0.0,1.0,0.0,0.00653667310173325,0.0033763765064969,0.5,,1.0
balanced_active_de16aaa574d5,1.0,5.0,0.5,0.5,0.8391678335667133,1.0,-0.1608321664332866,-0.1916567342073897,4,4,4,10381.0,9848.4,0.0,1.0,0.0,0.0070912742804609494,0.0044855788639523,0.4,,
balanced_active_1e21751db0a7,1.0,5.0,0.75,0.5,1.0,1.0,0.0,0.0,7,7,5,19297.0,18442.15,0.0,1.0,0.0,0.0067005699258649,0.0037041701547602,0.5,,
balanced_active_db586bda50ba,1.0,5.0,1.0,0.5,1.0,1.0,0.0,0.0,7,7,5,17399.0,16026.45,0.0,1.0,0.0,0.0067523981518886,0.0038078266068076,0.5,,
balanced_active_bac800d53fa2,2.0,0.2,0.0,0.5,1.0,0.7265151010067337,0.2734848989932662,0.2734848989932662,4,4,4,5625.0,5069.5,0.0,1.0,0.0,0.00888888888888885,0.0,1.0,,1.0
balanced_active_54bcc5a642e7,2.0,0.2,0.25,0.5,0.8910521402853713,0.8910521402853713,0.0,0.0,2,2,2,0.0,0.0,0.0,1.0,0.0,0.010666441487486212,0.003555460743269,0.8,,0.30660954712362304
balanced_active_f6ab447ef8be,2.0,0.2,0.5,0.5,0.9661265586450624,1.0,-0.0338734413549376,-0.0350610808199323,5,5,5,3270.0,3269.6,0.0,1.0,0.0,0.0136090241994344,0.0094402706210911,0.4,,
balanced_active_cbf9c7d66fe0,2.0,0.2,0.75,0.5,1.0,1.0,0.0,0.0,4,4,3,126.0,126.0,0.0,1.0,0.0,0.015121387809331002,0.0124649978408843,0.3,,
balanced_active_ba1f66591ba3,2.0,0.2,1.0,0.5,0.926256834244566,0.995332711028137,-0.0690758767835711,-0.07457529513389,2,2,2,1358.0,1358.0,0.0,1.0,0.0,0.01617592525120025,0.0145740727246228,0.2,,1.0
balanced_active_5ed7b31d17b9,2.0,0.5,0.0,0.5,0.9552607014268568,0.9552607014268568,0.0,0.0,4,4,4,3156.0,2974.6,0.0,1.0,0.0,0.00888888888888885,0.0,1.0,,0.0
balanced_active_ff7a9fd9e314,2.0,0.5,0.25,0.5,0.930724096546206,0.964995332711028,-0.0342712361648219,-0.0368221219285049,4,4,3,14998.0,14998.0,0.0,1.0,0.0,0.012864049811921201,0.0079503218460647,0.3,,0.0
balanced_active_676e11dda19b,2.0,0.5,0.5,0.5,0.7377475495099018,1.0,-0.262252450490098,-0.3554772234273318,4,4,4,2940.0,2940.0,0.0,1.0,0.0,0.0147611996851322,0.0117446215924867,0.3,,
balanced_active_77eda258b429,2.0,0.5,0.75,0.5,0.9348579810641418,1.0,-0.0651420189358581,-0.0696811924969688,6,6,4,22576.0,21997.9,0.0,1.0,0.0,0.01192909562294675,0.0060804134681158,0.4,,
balanced_active_11b9392c1dc2,2.0,0.5,1.0,0.5,0.9661265586450624,0.9661265586450624,0.0,0.0,6,5,5,1135.0,950.4,0.0,1.0,0.0,0.012028670808529235,0.0083642112130615,0.5,,0.0
balanced_active_863d500f9949,2.0,1.0,0.0,0.5,1.0,1.0,0.0,0.0,3,3,3,8630.0,7767.0,0.0,1.0,0.0,0.00888888888888885,0.0,1.0,,
balanced_active_4809d2e10348,2.0,1.0,0.25,0.5,0.9527937058274436,1.0,-0.0472062941725563,-0.0495451364590622,5,5,4,6757.0,5882.65,0.0,1.0,0.0,0.0125520043686043,0.0073262309594309,0.4,,
balanced_active_01a753c2ff50,2.0,1.0,0.5,0.5,1.0,1.0,0.0,0.0,6,6,5,22447.0,22411.0,0.0,1.0,0.0,0.0137898286440869,0.0098018795103961,0.4,,
balanced_active_d4c98df8c267,2.0,1.0,0.75,0.5,0.8872365964257135,1.0,-0.1127634035742864,-0.1270950770387072,5,5,5,2540.0,2516.3,0.0,1.0,0.0,0.013846972424332901,0.0099161670708881,0.4,,
balanced_active_355b5a957fff,2.0,1.0,1.0,0.5,0.9405881176235248,1.0,-0.0594118823764752,-0.0631646108039132,5,5,4,14988.0,13630.2,0.0,1.0,0.0,0.010779547381608601,0.0037813169854395,0.6,,
balanced_active_fb250a67e3db,2.0,2.0,0.0,0.5,1.0,0.7855047339645286,0.2144952660354713,0.2144952660354713,4,4,4,9825.0,8842.5,0.0,1.0,0.0,0.00888888888888885,0.0,1.0,,0.8308983525023313
balanced_active_83339ddd1523,2.0,2.0,0.25,0.5,0.9197839567913582,0.9197839567913582,0.0,0.0,4,4,3,13695.0,12437.6,0.0,1.0,0.0,0.0117607534709009,0.0057437291640241,0.4,,0.0
balanced_active_f21d82265f4c,2.0,2.0,0.5,0.5,0.941992265635418,1.0,-0.0580077343645819,-0.0615798414496036,5,5,5,15739.0,14712.05,0.0,1.0,0.0,0.011286677168979251,0.0047955765601808,0.5,,
balanced_active_0ab96bafaff2,2.0,2.0,0.75,0.5,1.0,1.0,0.0,0.0,5,5,4,13941.0,13383.1,0.0,1.0,0.0,0.0114584600274658,0.0051391422771539,0.5,,
balanced_active_05be59cee39a,2.0,2.0,1.0,0.5,0.8797172956394185,1.0,-0.1202827043605814,-0.1367288161285432,6,6,5,14427.0,12791.199999999999,0.0,1.0,0.0,0.01134809677802775,0.0049184157782778,0.5,,
balanced_active_f57c431ab15b,2.0,5.0,0.0,0.5,1.0,0.7968927118757084,0.2031072881242915,0.2031072881242915,5,5,5,12497.0,11247.3,0.0,1.0,0.0,0.00888888888888885,0.0,1.0,,1.0
balanced_active_c129cdb919ba,2.0,5.0,0.25,0.5,1.0,1.0,0.0,0.0,6,6,5,13551.0,11950.15,0.0,1.0,0.0,0.0107039603346386,0.0036301428914995,0.6,,
balanced_active_dedb93accfcc,2.0,5.0,0.5,0.5,1.0,0.8234980329399213,0.1765019670600786,0.1765019670600786,6,6,5,15887.0,14550.05,0.0,1.0,0.0,0.0107015749724446,0.0036253721671115,0.6,,1.0
balanced_active_035014b6f0b4,2.0,5.0,0.75,0.5,1.0,1.0,0.0,0.0,6,6,5,15698.0,14375.400000000001,0.0,1.0,0.0,0.010698790407622451,0.0036198030374672,0.6,,
balanced_active_30da43c4543c,2.0,5.0,1.0,0.5,0.9192505167700206,0.8859105154364206,0.0333400013336,0.0362686783693602,6,6,5,14922.0,13076.15,0.0,1.0,0.0,0.010736143983272,0.0036945101887663,0.6,,1.0
balanced_active_faaf7229814f,4.0,0.2,0.0,0.5,1.0,1.0,0.0,0.0,4,4,4,11071.0,9963.9,0.0,1.0,0.0,0.0152380952380952,0.0,1.0,,
balanced_active_63aaa63becf0,4.0,0.2,0.25,0.5,1.0,0.9201173568046942,0.0798826431953057,0.0798826431953057,5,4,3,1696.0,1428.6,0.0,1.0,0.0,0.021581085904602903,0.0192331469549806,0.3,,1.0
balanced_active_99f9f6ec8232,4.0,0.2,0.5,0.5,0.9665288705160688,0.9665288705160688,0.0,0.0,4,4,3,10287.0,9159.45,0.0,1.0,0.0,0.019035481876610548,0.0075947732770307,0.5,,0.0
balanced_active_ff3d599ef335,4.0,0.2,0.75,0.5,1.0,1.0,0.0,0.0,5,5,4,5689.0,4973.0,0.0,1.0,0.0,0.019574589876019552,0.0086729892758487,0.5,,
balanced_active_7773b4fef920,4.0,0.2,1.0,0.5,0.9615948793172422,1.0,-0.0384051206827577,-0.0399389821106642,4,4,4,21303.0,21119.6,0.0,1.0,0.0,0.01837131013590535,0.0062664297956203,0.5,,
balanced_active_e8456684d0ad,4.0,0.5,0.0,0.5,1.0,1.0,0.0,0.0,5,5,5,12498.0,11248.2,0.0,1.0,0.0,0.0152380952380952,0.0,1.0,,
balanced_active_bc8cca40d4fc,4.0,0.5,0.25,0.5,1.0,1.0,0.0,0.0,5,5,4,9482.0,8053.7,0.0,1.0,0.0,0.01798250179448245,0.0054888131127745,0.6,,
balanced_active_8d9c4f3a8f29,4.0,0.5,0.5,0.5,1.0,1.0,0.0,0.0,6,6,5,14618.0,13215.35,0.0,1.0,0.0,0.0175315154156059,0.0045868403550214,0.6,,
balanced_active_8fec696d9800,4.0,0.5,0.75,0.5,1.0,1.0,0.0,0.0,5,5,4,16901.0,16452.649999999998,0.0,1.0,0.0,0.01835336003560295,0.0062305295950155,0.5,,
balanced_active_6cff369ebf49,4.0,0.5,1.0,0.5,1.0,1.0,0.0,0.0,5,5,4,10420.0,8680.5,0.0,1.0,0.0,0.0185219302319544,0.0065676699877184,0.5,,
balanced_active_873d422f52f5,4.0,1.0,0.0,0.5,0.9739965328710494,0.9739965328710494,0.0,0.0,5,5,5,12498.0,11248.2,0.0,1.0,0.0,0.0152380952380952,0.0,1.0,,1.0
balanced_active_5b5819ee8538,4.0,1.0,0.25,0.5,1.0,1.0,0.0,0.0,6,6,5,16645.0,15326.550000000003,0.0,1.0,0.0,0.01754713744738675,0.0046180844185831,0.6,,
balanced_active_582983288fde,4.0,1.0,0.5,0.5,1.0,1.0,0.0,0.0,6,6,5,18359.0,17304.8,0.0,1.0,0.0,0.0175350712691503,0.0045939520621102,0.6,,
balanced_active_3175695c48a1,4.0,1.0,0.75,0.5,0.968395786104814,0.8993199093212428,0.0690758767835711,0.0713302120627926,5,4,3,3963.0,3379.35,0.0,1.0,0.0,0.016230637766688465,0.0081135902636916,0.6,,0.6450331125827815
balanced_active_67ef0ab83f66,4.0,1.0,1.0,0.5,1.0,0.7449659954660621,0.2550340045339378,0.2550340045339378,6,6,5,16117.0,14828.65,0.0,1.0,0.0,0.0175362524033183,0.0045963143304462,0.6,,1.0
balanced_active_8bb7e4af36bf,4.0,2.0,0.0,0.5,1.0,1.0,0.0,0.0,5,5,5,12498.0,11248.199999999999,0.0,1.0,0.0,0.0152380952380952,0.0,1.0,,
balanced_active_22723bd63cfa,4.0,2.0,0.25,0.5,1.0,1.0,0.0,0.0,6,6,5,12804.0,11072.65,0.0,1.0,0.0,0.01755114314131725,0.0046260958064441,0.6,,
balanced_active_607d54f6629d,4.0,2.0,0.5,0.5,1.0,0.8717076748683069,0.128292325131693,0.128292325131693,6,6,5,14301.0,12647.650000000001,0.0,1.0,0.0,0.01756054402809935,0.0046448975800083,0.6,,1.0
balanced_active_5386b23a492e,4.0,2.0,0.75,0.5,1.0,1.0,0.0,0.0,6,6,5,15822.0,14579.449999999999,0.0,1.0,0.0,0.0175262742194551,0.0045763579627198,0.6,,
balanced_active_020c21402a28,4.0,2.0,1.0,0.5,1.0,1.0,0.0,0.0,6,6,5,14121.0,12402.849999999999,0.0,1.0,0.0,0.0175670278591633,0.0046578652421362,0.6,,
balanced_active_65021de370d9,4.0,5.0,0.0,0.5,1.0,1.0,0.0,0.0,5,5,5,12497.0,11247.300000000001,0.0,1.0,0.0,0.0152380952380952,0.0,1.0,,
balanced_active_bf51fe047ca4,4.0,5.0,0.25,0.5,1.0,0.8436458194425923,0.1563541805574076,0.1563541805574076,6,6,5,14556.0,12882.95,0.0,1.0,0.0,0.0175668990480182,0.004657607619846,0.6,,1.0
balanced_active_60447704abd1,4.0,5.0,0.5,0.5,1.0,1.0,0.0,0.0,6,6,5,14482.0,12920.099999999999,0.0,1.0,0.0,0.01755100939428625,0.0046258283123821,0.6,,
balanced_active_e8ad4dd06b71,4.0,5.0,0.75,0.5,1.0,1.0,0.0,0.0,6,6,5,16218.0,15015.75,0.0,1.0,0.0,0.0175262742194551,0.0045763579627198,0.6,,
balanced_active_fee4e9f962f1,4.0,5.0,1.0,0.5,1.0,1.0,0.0,0.0,6,6,5,14318.0,12517.2,0.0,1.0,0.0,0.0175809415034518,0.0046856925307132,0.6,,
