run_id,kappa,concentration,mu,outside_mid_ratio,seed,face_value,delta_passive,delta_active,trading_effect,trading_relief_ratio,total_liabilities,total_face_value,default_count_total,default_face_total,default_rate_total,count_no_trade,face_no_trade,default_count_no_trade,default_face_no_trade,default_rate_no_trade,count_hold_to_maturity,face_hold_to_maturity,default_count_hold_to_maturity,default_face_hold_to_maturity,default_rate_hold_to_maturity,count_sell_before,face_sell_before,default_count_sell_before,default_face_sell_before,default_rate_sell_before,count_round_trip,face_round_trip,default_count_round_trip,default_face_round_trip,default_rate_round_trip
balanced_active_1803b5543cbe,0.25,0.2,0.0,1.0,42,20,0.0,0.0,0.0,0.0,10,14997.0,0,0.0,0.0,10,14997.0,0,0.0,0.0,0,0.0,0,0.0,0.0,0,0.0,0,0.0,0.0,0,0.0,0,0.0,0.0
balanced_active_14aa711196d1,0.25,0.2,0.75,1.0,45,20,0.0,0.0,0.0,0.0,10,14998.0,0,0.0,0.0,10,14998.0,0,0.0,0.0,0,0.0,0,0.0,0.0,0,0.0,0,0.0,0.0,0,0.0,0,0.0,0.0
balanced_active_300f111c7d72,0.25,0.2,1.0,1.0,46,20,0.872849713295106,0.872849713295106,0.0,0.0,2,1907.0,0,0.0,0.0,2,1907.0,0,0.0,0.0,0,0.0,0,0.0,0.0,0,0.0,0,0.0,0.0,0,0.0,0,0.0,0.0
balanced_active_41803e93f627,0.25,0.5,0.0,1.0,47,20,0.0,0.0,0.0,0.0,10,14997.0,0,0.0,0.0,10,14997.0,0,0.0,0.0,0,0.0,0,0.0,0.0,0,0.0,0,0.0,0.0,0,0.0,0,0.0,0.0
balanced_active_f6d9f090be28,0.25,0.5,0.25,1.0,48,20,0.0,0.0,0.0,0.0,10,14998.0,0,0.0,0.0,10,14998.0,0,0.0,0.0,0,0.0,0,0.0,0.0,0,0.0,0,0.0,0.0,0,0.0,0,0.0,0.0
balanced_active_a8d2f193e6bc,0.25,0.5,0.75,1.0,50,20,0.0,0.0,0.0,0.0,10,14998.0,0,0.0,0.0,10,14998.0,0,0.0,0.0,0,0.0,0,0.0,0.0,0,0.0,0,0.0,0.0,0,0.0,0,0.0,0.0
balanced_active_37f39bf6776f,0.25,0.5,1.0,1.0,51,20,0.0,0.0,0.0,0.0,10,14998.0,0,0.0,0.0,10,14998.0,0,0.0,0.0,0,0.0,0,0.0,0.0,0,0.0,0,0.0,0.0,0,0.0,0,0.0,0.0
balanced_active_e609f2b34c54,0.25,1.0,0.0,1.0,52,20,0.0,0.0,0.0,0.0,10,14997.0,0,0.0,0.0,10,14997.0,0,0.0,0.0,0,0.0,0,0.0,0.0,0,0.0,0,0.0,0.0,0,0.0,0,0.0,0.0
balanced_active_aebcaf26d260,0.25,1.0,0.25,1.0,53,20,0.0,0.0,0.0,0.0,10,14997.0,0,0.0,0.0,10,14997.0,0,0.0,0.0,0,0.0,0,0.0,0.0,0,0.0,0,0.0,0.0,0,0.0,0,0.0,0.0
balanced_active_0c42b6b6e2b1,0.25,1.0,0.5,1.0,54,20,0.0,0.0,0.0,0.0,10,14997.0,0,0.0,0.0,10,14997.0,0,0.0,0.0,0,0.0,0,0.0,0.0,0,0.0,0,0.0,0.0,0,0.0,0,0.0,0.0
balanced_active_1567e8a5c8cf,0.25,1.0,0.75,1.0,55,20,0.0,0.0,0.0,0.0,10,14997.0,0,0.0,0.0,10,14997.0,0,0.0,0.0,0,0.0,0,0.0,0.0,0,0.0,0,0.0,0.0,0,0.0,0,0.0,0.0
balanced_active_7c443aa28f58,0.25,1.0,1.0,1.0,56,20,0.0,0.0,0.0,0.0,10,14998.0,0,0.0,0.0,10,14998.0,0,0.0,0.0,0,0.0,0,0.0,0.0,0,0.0,0,0.0,0.0,0,0.0,0,0.0,0.0
balanced_active_b288fa159885,0.25,2.0,0.0,1.0,57,20,0.0,0.0,0.0,0.0,10,14998.0,0,0.0,0.0,10,14998.0,0,0.0,0.0,0,0.0,0,0.0,0.0,0,0.0,0,0.0,0.0,0,0.0,0,0.0,0.0
balanced_active_5844ed242c39,0.25,2.0,0.25,1.0,58,20,0.0,0.0,0.0,0.0,10,14997.0,0,0.0,0.0,10,14997.0,0,0.0,0.0,0,0.0,0,0.0,0.0,0,0.0,0,0.0,0.0,0,0.0,0,0.0,0.0
balanced_active_84dfeb0e915a,0.25,2.0,0.5,1.0,59,20,0.0,0.0,0.0,0.0,10,14996.0,0,0.0,0.0,10,14996.0,0,0.0,0.0,0,0.0,0,0.0,0.0,0,0.0,0,0.0,0.0,0,0.0,0,0.0,0.0
balanced_active_744d4f8ecd8a,0.25,2.0,0.75,1.0,60,20,0.0,0.0,0.0,0.0,10,14997.0,0,0.0,0.0,10,14997.0,0,0.0,0.0,0,0.0,0,0.0,0.0,0,0.0,0,0.0,0.0,0,0.0,0,0.0,0.0
balanced_active_b47ae0212505,0.25,2.0,1.0,1.0,61,20,0.0,0.0,0.0,0.0,10,14997.0,0,0.0,0.0,10,14997.0,0,0.0,0.0,0,0.0,0,0.0,0.0,0,0.0,0,0.0,0.0,0,0.0,0,0.0,0.0
balanced_active_5da601867f68,0.25,5.0,0.0,1.0,62,20,0.0,0.0,0.0,0.0,10,14997.0,0,0.0,0.0,10,14997.0,0,0.0,0.0,0,0.0,0,0.0,0.0,0,0.0,0,0.0,0.0,0,0.0,0,0.0,0.0
balanced_active_78e0266395c8,0.25,5.0,0.25,1.0,63,20,0.0,0.0,0.0,0.0,10,14997.0,0,0.0,0.0,10,14997.0,0,0.0,0.0,0,0.0,0,0.0,0.0,0,0.0,0,0.0,0.0,0,0.0,0,0.0,0.0
balanced_active_7bbb12d2b1db,0.25,5.0,0.5,1.0,64,20,0.0,0.0,0.0,0.0,10,14997.0,0,0.0,0.0,10,14997.0,0,0.0,0.0,0,0.0,0,0.0,0.0,0,0.0,0,0.0,0.0,0,0.0,0,0.0,0.0
balanced_active_77e955149f86,0.25,5.0,0.75,1.0,65,20,0.0,0.0,0.0,0.0,10,14997.0,0,0.0,0.0,10,14997.0,0,0.0,0.0,0,0.0,0,0.0,0.0,0,0.0,0,0.0,0.0,0,0.0,0,0.0,0.0
balanced_active_86d660712087,0.25,5.0,1.0,1.0,66,20,0.0,0.0,0.0,0.0,10,14998.0,0,0.0,0.0,10,14998.0,0,0.0,0.0,0,0.0,0,0.0,0.0,0,0.0,0,0.0,0.0,0,0.0,0,0.0,0.0
balanced_active_545a16a1150b,0.5,0.2,0.0,1.0,67,20,1.0,1.0,0.0,0.0,1,0.0,0,0.0,0.0,1,0.0,0,0.0,0.0,0,0.0,0,0.0,0.0,0,0.0,0,0.0,0.0,0,0.0,0,0.0,0.0
balanced_active_bd9aa6341fdb,0.5,0.2,0.25,1.0,68,20,0.7211147409827321,0.7211147409827321,0.0,0.0,4,4183.0,0,0.0,0.0,2,3585.0,0,0.0,0.0,2,598.0,0,0.0,0.0,0,0.0,0,0.0,0.0,0,0.0,0,0.0,0.0
balanced_active_6be08849dd69,0.5,0.2,0.5,1.0,69,20,0.6680890785438058,0.6680890785438058,0.0,0.0,6,4978.0,0,0.0,0.0,4,4267.0,0,0.0,0.0,2,711.0,0,0.0,0.0,0,0.0,0,0.0,0.0,0,0.0,0,0.0,0.0
balanced_active_751ba9ed60f2,0.5,0.2,1.0,1.0,71,20,0.9666644442962864,0.9666644442962864,0.0,0.0,2,500.0,0,0.0,0.0,2,500.0,0,0.0,0.0,0,0.0,0,0.0,0.0,0,0.0,0,0.0,0.0,0,0.0,0,0.0,0.0
balanced_active_42a4bef65d9c,0.5,0.5,0.0,1.0,72,20,0.9987998399786638,0.9987998399786638,0.0,0.0,1,18.0,0,0.0,0.0,1,18.0,0,0.0,0.0,0,0.0,0,0.0,0.0,0,0.0,0,0.0,0.0,0,0.0,0,0.0,0.0
balanced_active_902794fb60ad,0.5,0.5,0.25,1.0,73,20,0.0,0.0,0.0,0.0,10,14998.0,0,0.0,0.0,10,14998.0,0,0.0,0.0,0,0.0,0,0.0,0.0,0,0.0,0,0.0,0.0,0,0.0,0,0.0,0.0
balanced_active_d153e9b786d5,0.5,0.5,0.5,1.0,74,20,0.3309995332399813,0.3309995332399813,0.0,0.0,5,10033.0,0,0.0,0.0,4,5370.0,0,0.0,0.0,0,0.0,0,0.0,0.0,1,4663.0,0,0.0,0.0,0,0.0,0,0.0,0.0
balanced_active_96b7b2038248,0.5,0.5,0.75,1.0,75,20,0.7234297906387518,0.7234297906387518,0.0,0.0,6,4148.0,0,0.0,0.0,4,3633.0,0,0.0,0.0,2,515.0,0,0.0,0.0,0,0.0,0,0.0,0.0,0,0.0,0,0.0,0.0
balanced_active_1f375311f4ec,0.5,0.5,1.0,1.0,76,20,0.7924918316996732,0.885377075415083,-0.0928852437154097,-0.1172065628944047,1,1719.0,0,0.0,0.0,0,0.0,0,0.0,0.0,1,1719.0,0,0.0,0.0,0,0.0,0,0.0,0.0,0,0.0,0,0.0,0.0
balanced_active_3e4ad37c727d,0.5,1.0,0.0,1.0,77,20,0.0,0.1667000066680002,-0.1667000066680002,0.0,5,12497.0,0,0.0,0.0,3,2397.0,0,0.0,0.0,0,0.0,0,0.0,0.0,2,10100.0,0,0.0,0.0,0,0.0,0,0.0,0.0
balanced_active_914ec3c90338,0.5,1.0,0.5,1.0,79,20,0.8056815150706855,0.8056815150706855,0.0,0.0,2,2914.0,0,0.0,0.0,0,0.0,0,0.0,0.0,2,2914.0,0,0.0,0.0,0,0.0,0,0.0,0.0,0,0.0,0,0.0,0.0
balanced_active_e30efcc2b536,0.5,1.0,0.75,1.0,80,20,0.6827365473094618,0.8911115556444622,-0.2083750083350003,-0.3052055864830549,1,1633.0,0,0.0,0.0,0,0.0,0,0.0,0.0,1,1633.0,0,0.0,0.0,0,0.0,0,0.0,0.0,0,0.0,0,0.0,0.0
balanced_active_5c07f2d93501,0.5,1.0,1.0,1.0,81,20,0.6860038674401546,0.0,0.6860038674401546,1.0,10,14997.0,0,0.0,0.0,6,7186.0,0,0.0,0.0,2,2211.0,0,0.0,0.0,2,5600.0,0,0.0,0.0,0,0.0,0,0.0,0.0
balanced_active_2ed19b042237,0.5,2.0,0.0,1.0,82,20,0.0,0.9537271636218162,-0.9537271636218162,0.0,1,694.0,0,0.0,0.0,1,694.0,0,0.0,0.0,0,0.0,0,0.0,0.0,0,0.0,0,0.0,0.0,0,0.0,0,0.0,0.0
balanced_active_e33d279f07ff,0.5,2.0,0.25,1.0,83,20,0.0,0.0,0.0,0.0,10,14998.0,0,0.0,0.0,6,7451.0,0,0.0,0.0,2,1510.0,0,0.0,0.0,2,6037.0,0,0.0,0.0,0,0.0,0,0.0,0.0
balanced_active_afde2108bc42,0.5,2.0,0.5,1.0,84,20,0.0,0.0,0.0,0.0,10,14997.0,0,0.0,0.0,10,14997.0,0,0.0,0.0,0,0.0,0,0.0,0.0,0,0.0,0,0.0,0.0,0,0.0,0,0.0,0.0
balanced_active_ac04fa8fa610,0.5,2.0,0.75,1.0,85,20,0.5306040805440725,0.1491532204293905,0.3814508601146819,0.7188992209097763,7,12761.0,0,0.0,0.0,4,5707.0,0,0.0,0.0,2,1333.0,0,0.0,0.0,1,5721.0,0,0.0,0.0,0,0.0,0,0.0,0.0
balanced_active_acfc53c3a692,0.5,2.0,1.0,1.0,86,20,1.0,0.0,1.0,1.0,10,14997.0,0,0.0,0.0,6,7100.0,0,0.0,0.0,2,1230.0,0,0.0,0.0,2,6667.0,0,0.0,0.0,0,0.0,0,0.0,0.0
balanced_active_19e837d7dc27,0.5,5.0,0.0,1.0,87,20,0.0,0.0,0.0,0.0,10,14998.0,0,0.0,0.0,10,14998.0,0,0.0,0.0,0,0.0,0,0.0,0.0,0,0.0,0,0.0,0.0,0,0.0,0,0.0,0.0
balanced_active_6137c6b5d7b1,0.5,5.0,0.25,1.0,88,20,0.0,0.0,0.0,0.0,10,14998.0,0,0.0,0.0,10,14998.0,0,0.0,0.0,0,0.0,0,0.0,0.0,0,0.0,0,0.0,0.0,0,0.0,0,0.0,0.0
balanced_active_ea5544d35d8a,0.5,5.0,0.5,1.0,89,20,0.0,0.0,0.0,0.0,10,14997.0,0,0.0,0.0,10,14997.0,0,0.0,0.0,0,0.0,0,0.0,0.0,0,0.0,0,0.0,0.0,0,0.0,0,0.0,0.0
balanced_active_e53e3aa37de8,0.5,5.0,0.75,1.0,90,20,0.0,0.0,0.0,0.0,10,14998.0,0,0.0,0.0,10,14998.0,0,0.0,0.0,0,0.0,0,0.0,0.0,0,0.0,0,0.0,0.0,0,0.0,0,0.0,0.0
balanced_active_d1ce02ab9722,0.5,5.0,1.0,1.0,91,20,0.0,0.0,0.0,0.0,10,14998.0,0,0.0,0.0,10,14998.0,0,0.0,0.0,0,0.0,0,0.0,0.0,0,0.0,0,0.0,0.0,0,0.0,0,0.0,0.0
balanced_active_20799ffc0af1,1.0,0.2,0.0,1.0,92,20,0.8282437658354447,0.8282437658354447,0.0,0.0,2,2576.0,0,0.0,0.0,1,505.0,0,0.0,0.0,0,0.0,0,0.0,0.0,1,2071.0,0,0.0,0.0,0,0.0,0,0.0,0.0
balanced_active_c146b693984a,1.0,0.2,0.25,1.0,93,20,0.8979197226296839,0.9665288705160688,-0.0686091478863848,-0.0764089997772332,2,502.0,0,0.0,0.0,2,502.0,0,0.0,0.0,0,0.0,0,0.0,0.0,0,0.0,0,0.0,0.0,0,0.0,0,0.0,0.0
balanced_active_a4b3a2f34b9c,1.0,0.2,0.5,1.0,94,20,0.8246432857714361,0.8246432857714361,0.0,0.0,8,2630.0,0,0.0,0.0,6,2109.0,0,0.0,0.0,2,521.0,0,0.0,0.0,0,0.0,0,0.0,0.0,0,0.0,0,0.0,0.0
balanced_active_21a7b26c62c5,1.0,0.5,0.0,1.0,97,20,0.8209761301506867,0.8209761301506867,0.0,0.0,2,2685.0,0,0.0,0.0,1,291.0,0,0.0,0.0,0,0.0,0,0.0,0.0,1,2394.0,0,0.0,0.0,0,0.0,0,0.0,0.0
balanced_active_fe7299281260,1.0,0.5,0.5,1.0,99,20,0.9437258301106815,0.9437258301106815,0.0,0.0,2,844.0,0,0.0,0.0,2,844.0,0,0.0,0.0,0,0.0,0,0.0,0.0,0,0.0,0,0.0,0.0,0,0.0,0,0.0,0.0
balanced_active_40a2695c4a64,1.0,0.5,1.0,1.0,101,20,1.0,0.7031406281256251,0.2968593718743748,0.2968593718743748,2,4452.0,0,0.0,0.0,0,0.0,0,0.0,0.0,0,0.0,0,0.0,0.0,2,4452.0,0,0.0,0.0,0,0.0,0,0.0,0.0
balanced_active_b58eedeed006,1.0,1.0,0.0,1.0,102,20,0.96165899846636,0.96165899846636,0.0,0.0,1,575.0,0,0.0,0.0,1,575.0,0,0.0,0.0,0,0.0,0,0.0,0.0,0,0.0,0,0.0,0.0,0,0.0,0,0.0,0.0
balanced_active_f097077f3250,1.0,1.0,0.25,1.0,103,20,0.4738631817575676,0.8972529670622749,-0.4233897853047072,-0.893485296186858,2,1541.0,0,0.0,0.0,2,1541.0,0,0.0,0.0,0,0.0,0,0.0,0.0,0,0.0,0,0.0,0.0,0,0.0,0,0.0,0.0
balanced_active_41ec547917aa,1.0,1.0,0.5,1.0,104,20,1.0,0.7304486965797719,0.269551303420228,0.269551303420228,2,4043.0,0,0.0,0.0,0,0.0,0,0.0,0.0,0,0.0,0,0.0,0.0,2,4043.0,0,0.0,0.0,0,0.0,0,0.0,0.0
balanced_active_525c5d9f458c,1.0,1.0,0.75,1.0,105,20,0.8441021537640861,0.9189837967593518,-0.0748816429952657,-0.0887115885930958,2,1215.0,0,0.0,0.0,2,1215.0,0,0.0,0.0,0,0.0,0,0.0,0.0,0,0.0,0,0.0,0.0,0,0.0,0,0.0,0.0
balanced_active_7683aab6ab63,1.0,1.0,1.0,1.0,106,20,1.0,0.7297459491898379,0.270254050810162,0.270254050810162,2,4053.0,0,0.0,0.0,0,0.0,0,0.0,0.0,0,0.0,0,0.0,0.0,2,4053.0,0,0.0,0.0,0,0.0,0,0.0,0.0
balanced_active_edbfc6a1f487,1.0,2.0,0.0,1.0,107,20,0.6940925456727562,0.6940925456727562,0.0,0.0,3,4588.0,0,0.0,0.0,1,1314.0,0,0.0,0.0,1,869.0,0,0.0,0.0,1,2405.0,0,0.0,0.0,0,0.0,0,0.0,0.0
balanced_active_bec176208ce5,1.0,2.0,0.25,1.0,108,20,1.0,0.7322797892911915,0.2677202107088084,0.2677202107088084,2,4015.0,0,0.0,0.0,0,0.0,0,0.0,0.0,0,0.0,0,0.0,0.0,2,4015.0,0,0.0,0.0,0,0.0,0,0.0,0.0
balanced_active_d4dee9b6baab,1.0,2.0,0.5,1.0,109,20,0.845179357247633,0.8118415788771836,0.0333377783704493,0.0394446197538655,2,2822.0,0,0.0,0.0,0,0.0,0,0.0,0.0,0,0.0,0,0.0,0.0,2,2822.0,0,0.0,0.0,0,0.0,0,0.0,0.0
balanced_active_2de0b43a2264,1.0,2.0,0.75,1.0,110,20,1.0,0.7584850303394012,0.2415149696605987,0.2415149696605987,2,3622.0,0,0.0,0.0,0,0.0,0,0.0,0.0,0,0.0,0,0.0,0.0,2,3622.0,0,0.0,0.0,0,0.0,0,0.0,0.0
balanced_active_269c3b0edafc,1.0,2.0,1.0,1.0,111,20,0.7360805494432219,0.8889777955591118,-0.1528972461158898,-0.2077180904067397,2,1665.0,0,0.0,0.0,2,1665.0,0,0.0,0.0,0,0.0,0,0.0,0.0,0,0.0,0,0.0,0.0,0,0.0,0,0.0,0.0
balanced_active_c365f3db463f,1.0,5.0,0.0,1.0,112,20,0.0,0.1000133351113481,-0.1000133351113481,0.0,7,13498.0,0,0.0,0.0,1,1254.0,0,0.0,0.0,0,0.0,0,0.0,0.0,6,12244.0,0,0.0,0.0,0,0.0,0,0.0,0.0
balanced_active_0f463382545e,1.0,5.0,0.25,1.0,113,20,1.0,0.8249099879983997,0.1750900120016002,0.1750900120016002,1,2626.0,0,0.0,0.0,0,0.0,0,0.0,0.0,0,0.0,0,0.0,0.0,1,2626.0,0,0.0,0.0,0,0.0,0,0.0,0.0
balanced_active_b965955064c2,1.0,5.0,0.5,1.0,114,20,1.0,0.779303907187625,0.2206960928123749,0.2206960928123749,2,3310.0,0,0.0,0.0,0,0.0,0,0.0,0.0,0,0.0,0,0.0,0.0,2,3310.0,0,0.0,0.0,0,0.0,0,0.0,0.0
balanced_active_2accb5c7250c,1.0,5.0,1.0,1.0,116,20,1.0,0.7869049206560874,0.2130950793439125,0.2130950793439125,2,3196.0,0,0.0,0.0,0,0.0,0,0.0,0.0,0,0.0,0,0.0,0.0,2,3196.0,0,0.0,0.0,0,0.0,0,0.0,0.0
balanced_active_578f4bffa16c,2.0,0.2,0.0,1.0,117,20,0.9902647196105888,0.9902647196105888,0.0,0.0,1,146.0,0,0.0,0.0,1,146.0,0,0.0,0.0,0,0.0,0,0.0,0.0,0,0.0,0,0.0,0.0,0,0.0,0,0.0,0.0
balanced_active_af18c90d70e1,2.0,0.2,0.25,1.0,118,20,0.9666622216295506,0.9666622216295506,0.0,0.0,2,500.0,0,0.0,0.0,2,500.0,0,0.0,0.0,0,0.0,0,0.0,0.0,0,0.0,0,0.0,0.0,0,0.0,0,0.0,0.0
balanced_active_ca971feb72b0,2.0,0.2,0.5,1.0,119,20,0.9203173968126958,0.8869773954790958,0.0333400013336,0.0362266338211853,2,1695.0,0,0.0,0.0,0,0.0,0,0.0,0.0,0,0.0,0,0.0,0.0,2,1695.0,0,0.0,0.0,0,0.0,0,0.0,0.0
balanced_active_5723861c2950,2.0,0.5,0.25,1.0,123,20,0.9383251100146686,0.9383251100146686,0.0,0.0,1,925.0,0,0.0,0.0,0,0.0,0,0.0,0.0,0,0.0,0,0.0,0.0,1,925.0,0,0.0,0.0,0,0.0,0,0.0,0.0
balanced_active_8d6a5d2b60ef,2.0,0.5,0.5,1.0,124,20,0.8949123157964926,0.8949123157964926,0.0,0.0,6,1576.0,0,0.0,0.0,6,1576.0,0,0.0,0.0,0,0.0,0,0.0,0.0,0,0.0,0,0.0,0.0,0,0.0,0,0.0,0.0
balanced_active_355c59d4dc25,2.0,0.5,0.75,1.0,125,20,1.0,0.724696626216829,0.275303373783171,0.275303373783171,2,4129.0,0,0.0,0.0,0,0.0,0,0.0,0.0,0,0.0,0,0.0,0.0,2,4129.0,0,0.0,0.0,0,0.0,0,0.0,0.0
balanced_active_f49828849490,2.0,0.5,1.0,1.0,126,20,1.0,0.8190425390052006,0.1809574609947993,0.1809574609947993,2,2714.0,0,0.0,0.0,0,0.0,0,0.0,0.0,0,0.0,0,0.0,0.0,2,2714.0,0,0.0,0.0,0,0.0,0,0.0,0.0
balanced_active_e8c91f9366c3,2.0,1.0,0.0,1.0,127,20,0.9809307907721028,0.9809307907721028,0.0,0.0,1,286.0,0,0.0,0.0,1,286.0,0,0.0,0.0,0,0.0,0,0.0,0.0,0,0.0,0,0.0,0.0,0,0.0,0,0.0,0.0
balanced_active_50a91efda302,2.0,1.0,0.25,1.0,128,20,0.9433886777355472,0.910048676401947,0.0333400013336,0.035340684195646,2,1349.0,0,0.0,0.0,0,0.0,0,0.0,0.0,0,0.0,0,0.0,0.0,2,1349.0,0,0.0,0.0,0,0.0,0,0.0,0.0
balanced_active_48f11bd344b0,2.0,1.0,0.75,1.0,130,20,0.947259634617949,0.9139218562474996,0.0333377783704493,0.0351939184908847,2,1291.0,0,0.0,0.0,0,0.0,0,0.0,0.0,0,0.0,0,0.0,0.0,2,1291.0,0,0.0,0.0,0,0.0,0,0.0,0.0
balanced_active_a9255822ef1a,2.0,2.0,0.0,1.0,132,20,1.0,0.8789757951590318,0.1210242048409681,0.1210242048409681,1,1815.0,0,0.0,0.0,0,0.0,0,0.0,0.0,0,0.0,0,0.0,0.0,1,1815.0,0,0.0,0.0,0,0.0,0,0.0,0.0
balanced_active_ac23b38b3df7,2.0,2.0,0.75,1.0,135,20,1.0,0.7364806294592251,0.2635193705407748,0.2635193705407748,2,3952.0,0,0.0,0.0,0,0.0,0,0.0,0.0,0,0.0,0,0.0,0.0,2,3952.0,0,0.0,0.0,0,0.0,0,0.0,0.0
balanced_active_9635a206f96d,2.0,2.0,1.0,1.0,136,20,1.0,0.8065613122624524,0.1934386877375475,0.1934386877375475,2,2901.0,0,0.0,0.0,0,0.0,0,0.0,0.0,0,0.0,0,0.0,0.0,2,2901.0,0,0.0,0.0,0,0.0,0,0.0,0.0
balanced_active_6149e0c9f92d,2.0,5.0,0.0,1.0,137,20,0.803640485398053,0.803640485398053,0.0,0.0,2,2945.0,0,0.0,0.0,0,0.0,0,0.0,0.0,0,0.0,0,0.0,0.0,2,2945.0,0,0.0,0.0,0,0.0,0,0.0,0.0
balanced_active_7ae346cf94c1,2.0,5.0,0.5,1.0,139,20,1.0,0.8203093745832777,0.1796906254167222,0.1796906254167222,1,2695.0,0,0.0,0.0,0,0.0,0,0.0,0.0,0,0.0,0,0.0,0.0,1,2695.0,0,0.0,0.0,0,0.0,0,0.0,0.0
balanced_active_37c6eaa821f0,2.0,5.0,0.75,1.0,140,20,0.9184612307487164,0.885125675045003,0.0333355557037135,0.0362950058072009,2,1723.0,0,0.0,0.0,0,0.0,0,0.0,0.0,0,0.0,0,0.0,0.0,2,1723.0,0,0.0,0.0,0,0.0,0,0.0,0.0
balanced_active_60ac044c5234,4.0,0.2,0.25,1.0,143,20,0.930790772102947,0.9656620882784372,-0.03487131617549,-0.0374641833810888,2,515.0,0,0.0,0.0,2,515.0,0,0.0,0.0,0,0.0,0,0.0,0.0,0,0.0,0,0.0,0.0,0,0.0,0,0.0,0.0
balanced_active_ad1702ceaecb,4.0,0.2,0.75,1.0,145,20,0.9333288885925728,0.9333288885925728,0.0,0.0,4,1000.0,0,0.0,0.0,4,1000.0,0,0.0,0.0,0,0.0,0,0.0,0.0,0,0.0,0,0.0,0.0,0,0.0,0,0.0,0.0
balanced_active_dc353881a035,4.0,0.5,0.5,1.0,149,20,0.9811962392478496,0.9811962392478496,0.0,0.0,1,282.0,0,0.0,0.0,0,0.0,0,0.0,0.0,0,0.0,0,0.0,0.0,1,282.0,0,0.0,0.0,0,0.0,0,0.0,0.0
balanced_active_ce4253b4ae6f,4.0,0.5,1.0,1.0,151,20,1.0,0.6686003867440155,0.3313996132559845,0.3313996132559845,2,4970.0,0,0.0,0.0,0,0.0,0,0.0,0.0,0,0.0,0,0.0,0.0,2,4970.0,0,0.0,0.0,0,0.0,0,0.0,0.0
balanced_active_255ca86d7d7d,4.0,1.0,0.25,1.0,153,20,0.9336578210428056,0.9598613148419788,-0.0262034937991732,-0.0280654145540241,2,602.0,0,0.0,0.0,2,602.0,0,0.0,0.0,0,0.0,0,0.0,0.0,0,0.0,0,0.0,0.0,0,0.0,0,0.0,0.0
balanced_active_df317913ad22,4.0,1.0,0.75,1.0,155,20,1.0,0.8983728994398505,0.1016271005601493,0.1016271005601493,2,1524.0,0,0.0,0.0,0,0.0,0,0.0,0.0,0,0.0,0,0.0,0.0,2,1524.0,0,0.0,0.0,0,0.0,0,0.0,0.0
balanced_active_de61fc77528e,4.0,2.0,0.25,1.0,158,20,1.0,0.8217643528705741,0.1782356471294258,0.1782356471294258,2,2673.0,0,0.0,0.0,0,0.0,0,0.0,0.0,0,0.0,0,0.0,0.0,2,2673.0,0,0.0,0.0,0,0.0,0,0.0,0.0
balanced_active_0c29466c14a3,4.0,2.0,0.5,1.0,159,20,1.0,0.847112948393119,0.1528870516068809,0.1528870516068809,2,2293.0,0,0.0,0.0,0,0.0,0,0.0,0.0,0,0.0,0,0.0,0.0,2,2293.0,0,0.0,0.0,0,0.0,0,0.0,0.0
balanced_active_cd9645f57319,4.0,2.0,0.75,1.0,160,20,1.0,0.9364581944259234,0.0635418055740765,0.0635418055740765,1,953.0,0,0.0,0.0,0,0.0,0,0.0,0.0,0,0.0,0,0.0,0.0,1,953.0,0,0.0,0.0,0,0.0,0,0.0,0.0
balanced_active_4306b443e4d0,4.0,2.0,1.0,1.0,161,20,1.0,0.8841101553644062,0.1158898446355937,0.1158898446355937,2,1738.0,0,0.0,0.0,0,0.0,0,0.0,0.0,0,0.0,0,0.0,0.0,2,1738.0,0,0.0,0.0,0,0.0,0,0.0,0.0
balanced_active_fe8f99ef7f57,4.0,5.0,0.0,1.0,162,20,1.0,0.9171889585278036,0.0828110414721962,0.0828110414721962,1,1242.0,0,0.0,0.0,0,0.0,0,0.0,0.0,0,0.0,0,0.0,0.0,1,1242.0,0,0.0,0.0,0,0.0,0,0.0,0.0
balanced_active_4fceb08851f9,0.25,0.2,0.0,0.9,167,20,0.9698626483531136,0.9987331644219228,-0.0288705160688091,-0.0297676337137357,1,19.0,0,0.0,0.0,1,19.0,0,0.0,0.0,0,0.0,0,0.0,0.0,0,0.0,0,0.0,0.0,0,0.0,0,0.0,0.0
balanced_active_d37a7f3c0d56,0.25,0.2,0.25,0.9,168,20,0.0,0.0,0.0,0.0,10,14997.0,0,0.0,0.0,10,14997.0,0,0.0,0.0,0,0.0,0,0.0,0.0,0,0.0,0,0.0,0.0,0,0.0,0,0.0,0.0
balanced_active_04dec00761a6,0.25,0.2,0.5,0.9,169,20,0.0,0.0,0.0,0.0,10,14998.0,0,0.0,0.0,10,14998.0,0,0.0,0.0,0,0.0,0,0.0,0.0,0,0.0,0,0.0,0.0,0,0.0,0,0.0,0.0
balanced_active_dd3764af82fd,0.25,0.2,0.75,0.9,170,20,0.8941121557644862,0.8941121557644862,0.0,0.0,4,1588.0,0,0.0,0.0,4,1588.0,0,0.0,0.0,0,0.0,0,0.0,0.0,0,0.0,0,0.0,0.0,0,0.0,0,0.0,0.0
balanced_active_a30796246d1b,0.25,0.2,1.0,0.9,171,20,0.0,0.0,0.0,0.0,10,14997.0,0,0.0,0.0,10,14997.0,0,0.0,0.0,0,0.0,0,0.0,0.0,0,0.0,0,0.0,0.0,0,0.0,0,0.0,0.0
balanced_active_65a1590ca409,0.25,0.5,0.0,0.9,172,20,0.0,0.0,0.0,0.0,10,14997.0,0,0.0,0.0,10,14997.0,0,0.0,0.0,0,0.0,0,0.0,0.0,0,0.0,0,0.0,0.0,0,0.0,0,0.0,0.0
balanced_active_c96492b7d8fa,0.25,0.5,0.25,0.9,173,20,0.0,0.0,0.0,0.0,10,14998.0,0,0.0,0.0,10,14998.0,0,0.0,0.0,0,0.0,0,0.0,0.0,0,0.0,0,0.0,0.0,0,0.0,0,0.0,0.0
balanced_active_e1411f3b3902,0.25,0.5,0.5,0.9,174,20,0.0,0.0,0.0,0.0,10,14998.0,0,0.0,0.0,10,14998.0,0,0.0,0.0,0,0.0,0,0.0,0.0,0,0.0,0,0.0,0.0,0,0.0,0,0.0,0.0
balanced_active_9dfb59e66cd0,0.25,0.5,0.75,0.9,175,20,0.0,0.0,0.0,0.0,10,14997.0,0,0.0,0.0,10,14997.0,0,0.0,0.0,0,0.0,0,0.0,0.0,0,0.0,0,0.0,0.0,0,0.0,0,0.0,0.0
balanced_active_111b8a35af1e,0.25,0.5,1.0,0.9,176,20,0.0,0.0,0.0,0.0,10,14998.0,0,0.0,0.0,10,14998.0,0,0.0,0.0,0,0.0,0,0.0,0.0,0,0.0,0,0.0,0.0,0,0.0,0,0.0,0.0
balanced_active_b9b755bd0c77,0.25,1.0,0.0,0.9,177,20,0.0,0.0,0.0,0.0,10,14997.0,0,0.0,0.0,10,14997.0,0,0.0,0.0,0,0.0,0,0.0,0.0,0,0.0,0,0.0,0.0,0,0.0,0,0.0,0.0
balanced_active_7d4119931468,0.25,1.0,0.25,0.9,178,20,0.0,0.0,0.0,0.0,10,14997.0,0,0.0,0.0,10,14997.0,0,0.0,0.0,0,0.0,0,0.0,0.0,0,0.0,0,0.0,0.0,0,0.0,0,0.0,0.0
balanced_active_3cdf1179eb22,0.25,1.0,0.5,0.9,179,20,0.0,0.0,0.0,0.0,10,14996.0,0,0.0,0.0,10,14996.0,0,0.0,0.0,0,0.0,0,0.0,0.0,0,0.0,0,0.0,0.0,0,0.0,0,0.0,0.0
balanced_active_72da06666db5,0.25,1.0,0.75,0.9,180,20,0.0,0.0,0.0,0.0,10,14998.0,0,0.0,0.0,10,14998.0,0,0.0,0.0,0,0.0,0,0.0,0.0,0,0.0,0,0.0,0.0,0,0.0,0,0.0,0.0
balanced_active_fab181191cf5,0.25,1.0,1.0,0.9,181,20,0.0,0.0,0.0,0.0,10,14997.0,0,0.0,0.0,10,14997.0,0,0.0,0.0,0,0.0,0,0.0,0.0,0,0.0,0,0.0,0.0,0,0.0,0,0.0,0.0
balanced_active_59527a69f2f8,0.25,2.0,0.0,0.9,182,20,0.0,0.0,0.0,0.0,10,14998.0,0,0.0,0.0,10,14998.0,0,0.0,0.0,0,0.0,0,0.0,0.0,0,0.0,0,0.0,0.0,0,0.0,0,0.0,0.0
balanced_active_37814a99c444,0.25,2.0,0.25,0.9,183,20,0.0,0.0,0.0,0.0,10,14997.0,0,0.0,0.0,10,14997.0,0,0.0,0.0,0,0.0,0,0.0,0.0,0,0.0,0,0.0,0.0,0,0.0,0,0.0,0.0
balanced_active_a0fd575064eb,0.25,2.0,0.5,0.9,184,20,0.0,0.0,0.0,0.0,10,14997.0,0,0.0,0.0,10,14997.0,0,0.0,0.0,0,0.0,0,0.0,0.0,0,0.0,0,0.0,0.0,0,0.0,0,0.0,0.0
balanced_active_66ee75a118a3,0.25,2.0,0.75,0.9,185,20,0.0,0.0,0.0,0.0,10,14998.0,0,0.0,0.0,10,14998.0,0,0.0,0.0,0,0.0,0,0.0,0.0,0,0.0,0,0.0,0.0,0,0.0,0,0.0,0.0
balanced_active_5c372b055b64,0.25,2.0,1.0,0.9,186,20,0.0,0.0,0.0,0.0,10,14997.0,0,0.0,0.0,10,14997.0,0,0.0,0.0,0,0.0,0,0.0,0.0,0,0.0,0,0.0,0.0,0,0.0,0,0.0,0.0
balanced_active_d431bd9a6f67,0.25,5.0,0.0,0.9,187,20,0.0,0.0,0.0,0.0,10,14998.0,0,0.0,0.0,10,14998.0,0,0.0,0.0,0,0.0,0,0.0,0.0,0,0.0,0,0.0,0.0,0,0.0,0,0.0,0.0
balanced_active_b6584da35516,0.25,5.0,0.25,0.9,188,20,0.0,0.0,0.0,0.0,10,14997.0,0,0.0,0.0,10,14997.0,0,0.0,0.0,0,0.0,0,0.0,0.0,0,0.0,0,0.0,0.0,0,0.0,0,0.0,0.0
balanced_active_f1a661b47520,0.25,5.0,0.5,0.9,189,20,0.0,0.0,0.0,0.0,10,14997.0,0,0.0,0.0,10,14997.0,0,0.0,0.0,0,0.0,0,0.0,0.0,0,0.0,0,0.0,0.0,0,0.0,0,0.0,0.0
balanced_active_5ee10acac628,0.25,5.0,0.75,0.9,190,20,0.0,0.0,0.0,0.0,10,14998.0,0,0.0,0.0,10,14998.0,0,0.0,0.0,0,0.0,0,0.0,0.0,0,0.0,0,0.0,0.0,0,0.0,0,0.0,0.0
balanced_active_f61de863aa6e,0.25,5.0,1.0,0.9,191,20,0.0,0.0,0.0,0.0,10,14997.0,0,0.0,0.0,10,14997.0,0,0.0,0.0,0,0.0,0,0.0,0.0,0,0.0,0,0.0,0.0,0,0.0,0,0.0,0.0
balanced_active_26bde501edce,0.5,0.2,0.0,0.9,192,20,0.8455024338200973,0.8455024338200973,0.0,0.0,3,2317.0,0,0.0,0.0,2,787.0,0,0.0,0.0,1,1530.0,0,0.0,0.0,0,0.0,0,0.0,0.0,0,0.0,0,0.0,0.0
balanced_active_30851e3df956,0.5,0.2,0.25,0.9,193,20,0.814841978930524,0.814841978930524,0.0,0.0,6,2777.0,0,0.0,0.0,4,1022.0,0,0.0,0.0,2,1755.0,0,0.0,0.0,0,0.0,0,0.0,0.0,0,0.0,0,0.0,0.0
balanced_active_4437612d204c,0.5,0.2,0.5,0.9,194,20,0.7185437087417483,0.7185437087417483,0.0,0.0,6,4221.0,0,0.0,0.0,4,3695.0,0,0.0,0.0,2,526.0,0,0.0,0.0,0,0.0,0,0.0,0.0,0,0.0,0,0.0,0.0
balanced_active_3f45ceddc534,0.5,0.2,1.0,0.9,196,20,0.9652597186103888,0.9652597186103888,0.0,0.0,2,521.0,0,0.0,0.0,2,521.0,0,0.0,0.0,0,0.0,0,0.0,0.0,0,0.0,0,0.0,0.0,0,0.0,0,0.0,0.0
balanced_active_2d07d4547ab4,0.5,0.5,0.0,0.9,197,20,1.0,0.0333377783704493,0.9666622216295506,0.9666622216295506,9,14498.0,0,0.0,0.0,6,2430.0,0,0.0,0.0,0,0.0,0,0.0,0.0,3,12068.0,0,0.0,0.0,0,0.0,0,0.0,0.0
balanced_active_bbbdad9b5883,0.5,0.5,0.5,0.9,199,20,0.0,0.0,0.0,0.0,10,14997.0,0,0.0,0.0,10,14997.0,0,0.0,0.0,0,0.0,0,0.0,0.0,0,0.0,0,0.0,0.0,0,0.0,0,0.0,0.0
balanced_active_72d2bf267c4c,0.5,0.5,0.75,0.9,200,20,0.6826910254700626,0.6826910254700626,0.0,0.0,1,4759.0,0,0.0,0.0,0,0.0,0,0.0,0.0,0,0.0,0,0.0,0.0,1,4759.0,0,0.0,0.0,0,0.0,0,0.0,0.0
balanced_active_99122f4db16c,0.5,0.5,1.0,0.9,201,20,0.0333355557037135,0.0333355557037135,0.0,0.0,9,14499.0,0,0.0,0.0,8,9776.0,0,0.0,0.0,0,0.0,0,0.0,0.0,1,4723.0,0,0.0,0.0,0,0.0,0,0.0,0.0
balanced_active_5563a6f87c88,0.5,1.0,0.0,0.9,202,20,0.0,0.0,0.0,0.0,10,14996.0,0,0.0,0.0,10,14996.0,0,0.0,0.0,0,0.0,0,0.0,0.0,0,0.0,0,0.0,0.0,0,0.0,0,0.0,0.0
balanced_active_050ad40da9a8,0.5,1.0,0.25,0.9,203,20,1.0,0.6663332666533306,0.3336667333466693,0.3336667333466693,1,5004.0,0,0.0,0.0,0,0.0,0,0.0,0.0,0,0.0,0,0.0,0.0,1,5004.0,0,0.0,0.0,0,0.0,0,0.0,0.0
balanced_active_038e5c07f347,0.5,1.0,0.75,0.9,205,20,0.0,0.0,0.0,0.0,10,14998.0,0,0.0,0.0,10,14998.0,0,0.0,0.0,0,0.0,0,0.0,0.0,0,0.0,0,0.0,0.0,0,0.0,0,0.0,0.0
balanced_active_1453edf2e05e,0.5,2.0,0.0,0.9,207,20,0.0,0.0,0.0,0.0,10,14997.0,0,0.0,0.0,10,14997.0,0,0.0,0.0,0,0.0,0,0.0,0.0,0,0.0,0,0.0,0.0,0,0.0,0,0.0,0.0
balanced_active_89b209c35e62,0.5,2.0,0.25,0.9,208,20,0.0,0.9281237498333113,-0.9281237498333113,0.0,2,1078.0,0,0.0,0.0,2,1078.0,0,0.0,0.0,0,0.0,0,0.0,0.0,0,0.0,0,0.0,0.0,0,0.0,0,0.0,0.0
balanced_active_38fb795f6787,0.5,2.0,0.5,0.9,209,20,0.0,0.0,0.0,0.0,10,14997.0,0,0.0,0.0,10,14997.0,0,0.0,0.0,0,0.0,0,0.0,0.0,0,0.0,0,0.0,0.0,0,0.0,0,0.0,0.0
balanced_active_e7e3b8a570d7,0.5,2.0,0.75,0.9,210,20,0.6686003867440155,0.0,0.6686003867440155,1.0,10,14997.0,0,0.0,0.0,6,7344.0,0,0.0,0.0,2,2183.0,0,0.0,0.0,2,5470.0,0,0.0,0.0,0,0.0,0,0.0,0.0
balanced_active_1bc0ebfb33c3,0.5,2.0,1.0,0.9,211,20,0.6420189358581144,0.0,0.6420189358581144,1.0,10,14998.0,0,0.0,0.0,6,8396.0,0,0.0,0.0,2,761.0,0,0.0,0.0,2,5841.0,0,0.0,0.0,0,0.0,0,0.0,0.0
balanced_active_691f3642a3e0,0.5,5.0,0.0,0.9,212,20,0.0,0.0,0.0,0.0,10,14998.0,0,0.0,0.0,10,14998.0,0,0.0,0.0,0,0.0,0,0.0,0.0,0,0.0,0,0.0,0.0,0,0.0,0,0.0,0.0
balanced_active_2a21f2dcffb9,0.5,5.0,0.25,0.9,213,20,0.0,0.0,0.0,0.0,10,14998.0,0,0.0,0.0,10,14998.0,0,0.0,0.0,0,0.0,0,0.0,0.0,0,0.0,0,0.0,0.0,0,0.0,0,0.0,0.0
balanced_active_a3b05506a83d,0.5,5.0,0.5,0.9,214,20,0.8473796506200826,0.497999733297773,0.3493799173223096,0.4123062396726729,3,7529.0,0,0.0,0.0,0,0.0,0,0.0,0.0,2,2289.0,0,0.0,0.0,1,5240.0,0,0.0,0.0,0,0.0,0,0.0,0.0
balanced_active_58e46b3ecf9f,0.5,5.0,0.75,0.9,215,20,0.0,0.0,0.0,0.0,10,14998.0,0,0.0,0.0,10,14998.0,0,0.0,0.0,0,0.0,0,0.0,0.0,0,0.0,0,0.0,0.0,0,0.0,0,0.0,0.0
balanced_active_99992ed3b894,0.5,5.0,1.0,0.9,216,20,0.0,0.0,0.0,0.0,10,14998.0,0,0.0,0.0,10,14998.0,0,0.0,0.0,0,0.0,0,0.0,0.0,0,0.0,0,0.0,0.0,0,0.0,0,0.0,0.0
balanced_active_6c7d4db4cd6a,1.0,0.2,0.5,0.9,219,20,0.8999866648886518,0.8999866648886518,0.0,0.0,6,1500.0,0,0.0,0.0,4,1000.0,0,0.0,0.0,2,500.0,0,0.0,0.0,0,0.0,0,0.0,0.0,0,0.0,0,0.0,0.0
balanced_active_e4552af08b00,1.0,0.2,0.75,0.9,220,20,0.9658621149486598,0.9658621149486598,0.0,0.0,2,512.0,0,0.0,0.0,2,512.0,0,0.0,0.0,0,0.0,0,0.0,0.0,0,0.0,0,0.0,0.0,0,0.0,0,0.0,0.0
balanced_active_4ff263ff7fea,1.0,0.2,1.0,0.9,221,20,0.9212509168500366,0.9212509168500366,0.0,0.0,4,1181.0,0,0.0,0.0,2,561.0,0,0.0,0.0,2,620.0,0,0.0,0.0,0,0.0,0,0.0,0.0,0,0.0,0,0.0,0.0
balanced_active_4aa59dee687b,1.0,0.5,0.25,0.9,223,20,1.0,0.7722877908915116,0.2277122091084883,0.2277122091084883,2,3415.0,0,0.0,0.0,0,0.0,0,0.0,0.0,0,0.0,0,0.0,0.0,2,3415.0,0,0.0,0.0,0,0.0,0,0.0,0.0
balanced_active_53d2cbb58bf6,1.0,0.5,0.5,0.9,224,20,0.8277103613815175,0.8277103613815175,0.0,0.0,8,2584.0,0,0.0,0.0,6,2029.0,0,0.0,0.0,2,555.0,0,0.0,0.0,0,0.0,0,0.0,0.0,0,0.0,0,0.0,0.0
balanced_active_b15fa4219c2a,1.0,0.5,0.75,0.9,225,20,1.0,0.755934915977594,0.2440650840224059,0.2440650840224059,2,3660.0,0,0.0,0.0,0,0.0,0,0.0,0.0,0,0.0,0,0.0,0.0,2,3660.0,0,0.0,0.0,0,0.0,0,0.0,0.0
balanced_active_4b92b00a9ba0,1.0,0.5,1.0,0.9,226,20,0.7906387518335778,0.9660621416188824,-0.1754233897853047,-0.2218755270703322,2,509.0,0,0.0,0.0,2,509.0,0,0.0,0.0,0,0.0,0,0.0,0.0,0,0.0,0,0.0,0.0,0,0.0,0,0.0,0.0
balanced_active_54cf8ddec468,1.0,1.0,0.0,0.9,227,20,0.9173223096412856,0.9173223096412856,0.0,0.0,1,1240.0,0,0.0,0.0,1,1240.0,0,0.0,0.0,0,0.0,0,0.0,0.0,0,0.0,0,0.0,0.0,0,0.0,0,0.0,0.0
balanced_active_2beec38532b1,1.0,1.0,0.25,0.9,228,20,1.0,0.7621524304860972,0.2378475695139027,0.2378475695139027,2,3567.0,0,0.0,0.0,0,0.0,0,0.0,0.0,0,0.0,0,0.0,0.0,2,3567.0,0,0.0,0.0,0,0.0,0,0.0,0.0
balanced_active_7a3ac5e2e33b,1.0,1.0,0.5,0.9,229,20,0.9249949996666444,0.9249949996666444,0.0,0.0,2,1125.0,0,0.0,0.0,2,1125.0,0,0.0,0.0,0,0.0,0,0.0,0.0,0,0.0,0,0.0,0.0,0,0.0,0,0.0,0.0
balanced_active_9f7aa9c98170,1.0,1.0,0.75,0.9,230,20,0.6323264652930586,0.925718477028739,-0.2933920117356804,-0.4639881893915427,2,1114.0,0,0.0,0.0,2,1114.0,0,0.0,0.0,0,0.0,0,0.0,0.0,0,0.0,0,0.0,0.0,0,0.0,0,0.0,0.0
balanced_active_ce60ef31a372,1.0,1.0,1.0,0.9,231,20,1.0,0.7878242315129692,0.2121757684870307,0.2121757684870307,2,3182.0,0,0.0,0.0,0,0.0,0,0.0,0.0,0,0.0,0,0.0,0.0,2,3182.0,0,0.0,0.0,0,0.0,0,0.0,0.0
balanced_active_eb286e4f6611,1.0,2.0,0.0,0.9,232,20,0.0,0.0666800026672001,-0.0666800026672001,0.0,8,13997.0,0,0.0,0.0,2,1536.0,0,0.0,0.0,0,0.0,0,0.0,0.0,6,12461.0,0,0.0,0.0,0,0.0,0,0.0,0.0
balanced_active_2c17917e80c8,1.0,2.0,0.25,0.9,233,20,0.8370340734813629,0.8036940721477628,0.0333400013336,0.0398311160678722,2,2944.0,0,0.0,0.0,0,0.0,0,0.0,0.0,0,0.0,0,0.0,0.0,2,2944.0,0,0.0,0.0,0,0.0,0,0.0,0.0
balanced_active_ab769c1f2819,1.0,2.0,0.75,0.9,235,20,0.9405920789438592,0.9405920789438592,0.0,0.0,2,891.0,0,0.0,0.0,2,891.0,0,0.0,0.0,0,0.0,0,0.0,0.0,0,0.0,0,0.0,0.0,0,0.0,0,0.0,0.0
balanced_active_820dbd92b055,1.0,2.0,1.0,0.9,236,20,1.0,0.7732879909315196,0.2267120090684803,0.2267120090684803,2,3400.0,0,0.0,0.0,0,0.0,0,0.0,0.0,0,0.0,0,0.0,0.0,2,3400.0,0,0.0,0.0,0,0.0,0,0.0,0.0
balanced_active_df39d816a480,1.0,5.0,0.25,0.9,238,20,0.0333400013336,0.8563712742548509,-0.8230312729212509,-24.686,2,2154.0,0,0.0,0.0,2,2154.0,0,0.0,0.0,0,0.0,0,0.0,0.0,0,0.0,0,0.0,0.0,0,0.0,0,0.0,0.0
balanced_active_89c178bd4d5c,1.0,5.0,0.5,0.9,239,20,1.0,0.773421350936854,0.2265786490631459,0.2265786490631459,2,3398.0,0,0.0,0.0,0,0.0,0,0.0,0.0,0,0.0,0,0.0,0.0,2,3398.0,0,0.0,0.0,0,0.0,0,0.0,0.0
balanced_active_c7dc5cd4f008,1.0,5.0,0.75,0.9,240,20,0.8382450993465795,0.80490732097613,0.0333377783704493,0.0397709195036589,2,2926.0,0,0.0,0.0,0,0.0,0,0.0,0.0,0,0.0,0,0.0,0.0,2,2926.0,0,0.0,0.0,0,0.0,0,0.0,0.0
balanced_active_d9ae4b9150a9,1.0,5.0,1.0,0.9,241,20,0.8375116682224296,0.8375116682224296,0.0,0.0,2,2437.0,0,0.0,0.0,2,2437.0,0,0.0,0.0,0,0.0,0,0.0,0.0,0,0.0,0,0.0,0.0,0,0.0,0,0.0,0.0
balanced_active_6d72b2259673,2.0,0.2,0.0,0.9,242,20,0.9969995999466597,0.9969995999466597,0.0,0.0,1,45.0,0,0.0,0.0,1,45.0,0,0.0,0.0,0,0.0,0,0.0,0.0,0,0.0,0,0.0,0.0,0,0.0,0,0.0,0.0
balanced_active_6825284323c4,2.0,0.2,0.25,0.9,243,20,0.8559903993599574,0.8559903993599574,0.0,0.0,8,2160.0,0,0.0,0.0,6,1638.0,0,0.0,0.0,2,522.0,0,0.0,0.0,0,0.0,0,0.0,0.0,0,0.0,0,0.0,0.0
balanced_active_ddfc8d88519d,2.0,0.2,0.5,0.9,244,20,0.9179223896519536,0.8845846112815042,0.0333377783704493,0.0363187332025858,2,1731.0,0,0.0,0.0,0,0.0,0,0.0,0.0,0,0.0,0,0.0,0.0,2,1731.0,0,0.0,0.0,0,0.0,0,0.0,0.0
balanced_active_fac8427d9478,2.0,0.2,0.75,0.9,245,20,0.8533039941321597,0.9366539974661598,-0.0833500033340001,-0.0976791435492693,2,950.0,0,0.0,0.0,2,950.0,0,0.0,0.0,0,0.0,0,0.0,0.0,0,0.0,0,0.0,0.0,0,0.0,0,0.0,0.0
balanced_active_356f0aede5fd,2.0,0.2,1.0,0.9,246,20,0.9370582744365916,0.903720496066142,0.0333377783704493,0.0355770599117688,2,1444.0,0,0.0,0.0,0,0.0,0,0.0,0.0,0,0.0,0,0.0,0.0,2,1444.0,0,0.0,0.0,0,0.0,0,0.0,0.0
balanced_active_4f3e556be89d,2.0,0.5,0.0,0.9,247,20,1.0,0.8612389144495565,0.1387610855504434,0.1387610855504434,1,2081.0,0,0.0,0.0,0,0.0,0,0.0,0.0,0,0.0,0,0.0,0.0,1,2081.0,0,0.0,0.0,0,0.0,0,0.0,0.0
balanced_active_ef03e15219d4,2.0,0.5,0.5,0.9,249,20,1.0,0.8791091551643662,0.1208908448356337,0.1208908448356337,2,1813.0,0,0.0,0.0,0,0.0,0,0.0,0.0,0,0.0,0,0.0,0.0,2,1813.0,0,0.0,0.0,0,0.0,0,0.0,0.0
balanced_active_1c1ecaa711b3,2.0,0.5,0.75,0.9,250,20,0.9656620882784372,0.9656620882784372,0.0,0.0,2,515.0,0,0.0,0.0,2,515.0,0,0.0,0.0,0,0.0,0,0.0,0.0,0,0.0,0,0.0,0.0,0,0.0,0,0.0,0.0
balanced_active_81f65a329869,2.0,0.5,1.0,0.9,251,20,1.0,0.8382450993465795,0.1617549006534204,0.1617549006534204,1,2426.0,0,0.0,0.0,0,0.0,0,0.0,0.0,0,0.0,0,0.0,0.0,1,2426.0,0,0.0,0.0,0,0.0,0,0.0,0.0
balanced_active_5f609fa50d1f,2.0,1.0,0.0,0.9,252,20,1.0,0.7530674846625766,0.2469325153374233,0.2469325153374233,2,3703.0,0,0.0,0.0,1,39.0,0,0.0,0.0,0,0.0,0,0.0,0.0,1,3664.0,0,0.0,0.0,0,0.0,0,0.0,0.0
balanced_active_6af4a35fe0eb,2.0,1.0,0.25,0.9,253,20,0.918255767435658,0.918255767435658,0.0,0.0,2,1226.0,0,0.0,0.0,2,1226.0,0,0.0,0.0,0,0.0,0,0.0,0.0,0,0.0,0,0.0,0.0,0,0.0,0,0.0,0.0
balanced_active_51593fd8c9e6,2.0,1.0,0.5,0.9,254,20,0.9282571009467928,0.8949193225763435,0.0333377783704493,0.0359143801177991,2,1576.0,0,0.0,0.0,0,0.0,0,0.0,0.0,0,0.0,0,0.0,0.0,2,1576.0,0,0.0,0.0,0,0.0,0,0.0,0.0
balanced_active_e7530a83c4db,2.0,1.0,1.0,0.9,256,20,1.0,0.8204307528172301,0.1795692471827698,0.1795692471827698,2,2693.0,0,0.0,0.0,0,0.0,0,0.0,0.0,0,0.0,0,0.0,0.0,2,2693.0,0,0.0,0.0,0,0.0,0,0.0,0.0
balanced_active_3c7a1232c894,2.0,2.0,0.0,0.9,257,20,1.0,0.733146629325865,0.2668533706741348,0.2668533706741348,3,4002.0,0,0.0,0.0,1,175.0,0,0.0,0.0,0,0.0,0,0.0,0.0,2,3827.0,0,0.0,0.0,0,0.0,0,0.0,0.0
balanced_active_628ab3228737,2.0,2.0,0.25,0.9,258,20,0.9258518370340734,0.8925118357004734,0.0333400013336,0.0360100828231904,2,1612.0,0,0.0,0.0,0,0.0,0,0.0,0.0,0,0.0,0,0.0,0.0,2,1612.0,0,0.0,0.0,0,0.0,0,0.0,0.0
balanced_active_2291a97f49f9,2.0,5.0,0.0,0.9,262,20,1.0,0.565808774503267,0.4341912254967328,0.4341912254967328,4,6512.0,0,0.0,0.0,1,437.0,0,0.0,0.0,0,0.0,0,0.0,0.0,3,6075.0,0,0.0,0.0,0,0.0,0,0.0,0.0
balanced_active_b74f5af4bac5,2.0,5.0,0.25,0.9,263,20,1.0,0.8271102813708494,0.1728897186291505,0.1728897186291505,2,2593.0,0,0.0,0.0,0,0.0,0,0.0,0.0,0,0.0,0,0.0,0.0,2,2593.0,0,0.0,0.0,0,0.0,0,0.0,0.0
balanced_active_25fe1e3eb544,2.0,5.0,0.5,0.9,264,20,1.0,0.828043739165222,0.1719562608347779,0.1719562608347779,2,2579.0,0,0.0,0.0,0,0.0,0,0.0,0.0,0,0.0,0,0.0,0.0,2,2579.0,0,0.0,0.0,0,0.0,0,0.0,0.0
balanced_active_39924b883284,2.0,5.0,0.75,0.9,265,20,1.0,0.8321109481264168,0.1678890518735831,0.1678890518735831,2,2518.0,0,0.0,0.0,0,0.0,0,0.0,0.0,0,0.0,0,0.0,0.0,2,2518.0,0,0.0,0.0,0,0.0,0,0.0,0.0
balanced_active_6694acf6567c,2.0,5.0,1.0,0.9,266,20,1.0,0.8609721944388877,0.1390278055611122,0.1390278055611122,2,2085.0,0,0.0,0.0,0,0.0,0,0.0,0.0,0,0.0,0,0.0,0.0,2,2085.0,0,0.0,0.0,0,0.0,0,0.0,0.0
balanced_active_3b73bcb1b196,4.0,0.2,0.0,0.9,267,20,0.972929723963195,0.972929723963195,0.0,0.0,2,406.0,0,0.0,0.0,1,24.0,0,0.0,0.0,0,0.0,0,0.0,0.0,1,382.0,0,0.0,0.0,0,0.0,0,0.0,0.0
balanced_active_fe5078800150,4.0,0.2,0.25,0.9,268,20,0.9240565408721162,0.9240565408721162,0.0,0.0,4,1139.0,0,0.0,0.0,4,1139.0,0,0.0,0.0,0,0.0,0,0.0,0.0,0,0.0,0,0.0,0.0,0,0.0,0,0.0,0.0
balanced_active_b86e73279d51,4.0,0.2,0.75,0.9,270,20,0.9666622216295506,0.9666622216295506,0.0,0.0,2,500.0,0,0.0,0.0,2,500.0,0,0.0,0.0,0,0.0,0,0.0,0.0,0,0.0,0,0.0,0.0,0,0.0,0,0.0,0.0
balanced_active_f865f9aedb8d,4.0,0.5,0.25,0.9,273,20,0.9666622216295506,0.9666622216295506,0.0,0.0,1,500.0,0,0.0,0.0,0,0.0,0,0.0,0.0,0,0.0,0,0.0,0.0,1,500.0,0,0.0,0.0,0,0.0,0,0.0,0.0
balanced_active_e5453e6889ef,4.0,0.5,0.5,0.9,274,20,0.9643238196852492,0.9643238196852492,0.0,0.0,2,535.0,0,0.0,0.0,2,535.0,0,0.0,0.0,0,0.0,0,0.0,0.0,0,0.0,0,0.0,0.0,0,0.0,0,0.0,0.0
balanced_active_7bdd19000138,4.0,0.5,0.75,0.9,275,20,1.0,0.9169167166766686,0.0830832833233313,0.0830832833233313,2,1246.0,0,0.0,0.0,0,0.0,0,0.0,0.0,0,0.0,0,0.0,0.0,2,1246.0,0,0.0,0.0,0,0.0,0,0.0,0.0
balanced_active_d3558815bc31,4.0,0.5,1.0,0.9,276,20,1.0,0.896526435095673,0.1034735649043269,0.1034735649043269,2,1552.0,0,0.0,0.0,0,0.0,0,0.0,0.0,0,0.0,0,0.0,0.0,2,1552.0,0,0.0,0.0,0,0.0,0,0.0,0.0
balanced_active_afebba4e95d4,4.0,1.0,0.25,0.9,278,20,1.0,0.8574476596879583,0.1425523403120416,0.1425523403120416,2,2138.0,0,0.0,0.0,0,0.0,0,0.0,0.0,0,0.0,0,0.0,0.0,2,2138.0,0,0.0,0.0,0,0.0,0,0.0,0.0
balanced_active_933c490de429,4.0,1.0,1.0,0.9,281,20,1.0,0.9565217391304348,0.0434782608695652,0.0434782608695652,1,652.0,0,0.0,0.0,0,0.0,0,0.0,0.0,0,0.0,0,0.0,0.0,1,652.0,0,0.0,0.0,0,0.0,0,0.0,0.0
balanced_active_278c94dfc16b,4.0,2.0,0.0,0.9,282,20,1.0,0.7227630350713428,0.2772369649286571,0.2772369649286571,2,4158.0,0,0.0,0.0,0,0.0,0,0.0,0.0,0,0.0,0,0.0,0.0,2,4158.0,0,0.0,0.0,0,0.0,0,0.0,0.0
balanced_active_eaefbcb2c3b5,4.0,2.0,0.5,0.9,284,20,1.0,0.94732631017469,0.05267368982531,0.05267368982531,1,790.0,0,0.0,0.0,0,0.0,0,0.0,0.0,0,0.0,0,0.0,0.0,1,790.0,0,0.0,0.0,0,0.0,0,0.0,0.0
balanced_active_9d27254ad817,4.0,2.0,1.0,0.9,286,20,0.9621282837711694,0.92879050540072,0.0333377783704493,0.0346500346500346,2,1068.0,0,0.0,0.0,0,0.0,0,0.0,0.0,0,0.0,0,0.0,0.0,2,1068.0,0,0.0,0.0,0,0.0,0,0.0,0.0
balanced_active_06684b7d3b24,4.0,5.0,0.25,0.9,288,20,1.0,0.8373007934920317,0.1626992065079682,0.1626992065079682,1,2440.0,0,0.0,0.0,0,0.0,0,0.0,0.0,0,0.0,0,0.0,0.0,1,2440.0,0,0.0,0.0,0,0.0,0,0.0,0.0
balanced_active_70b19306b3a5,4.0,5.0,0.5,0.9,289,20,1.0,0.8218429123883184,0.1781570876116815,0.1781570876116815,1,2672.0,0,0.0,0.0,0,0.0,0,0.0,0.0,0,0.0,0,0.0,0.0,1,2672.0,0,0.0,0.0,0,0.0,0,0.0,0.0
balanced_active_bcbec778722b,4.0,5.0,0.75,0.9,290,20,1.0,0.819697272787891,0.180302727212109,0.180302727212109,1,2704.0,0,0.0,0.0,0,0.0,0,0.0,0.0,0,0.0,0,0.0,0.0,1,2704.0,0,0.0,0.0,0,0.0,0,0.0,0.0
balanced_active_aba5a9383251,4.0,5.0,1.0,0.9,291,20,1.0,0.8070409387918389,0.192959061208161,0.192959061208161,2,2894.0,0,0.0,0.0,0,0.0,0,0.0,0.0,0,0.0,0,0.0,0.0,2,2894.0,0,0.0,0.0,0,0.0,0,0.0,0.0
balanced_active_1f47a7b3fbaa,0.25,0.2,0.0,0.8,292,20,0.9964661954927324,0.9991998933191092,-0.0027336978263768,-0.0027433924389427,1,12.0,0,0.0,0.0,1,12.0,0,0.0,0.0,0,0.0,0,0.0,0.0,0,0.0,0,0.0,0.0,0,0.0,0,0.0,0.0
balanced_active_742a6ad4a8b3,0.25,0.2,0.25,0.8,293,20,0.0,0.0,0.0,0.0,10,14998.0,0,0.0,0.0,10,14998.0,0,0.0,0.0,0,0.0,0,0.0,0.0,0,0.0,0,0.0,0.0,0,0.0,0,0.0,0.0
balanced_active_0d7d0c00ee89,0.25,0.2,0.5,0.8,294,20,0.0,0.0,0.0,0.0,10,14997.0,0,0.0,0.0,6,4246.0,0,0.0,0.0,2,506.0,0,0.0,0.0,2,10245.0,0,0.0,0.0,0,0.0,0,0.0,0.0
balanced_active_2223ae52c113,0.25,0.2,0.75,0.8,295,20,0.0,0.0,0.0,0.0,10,14998.0,0,0.0,0.0,10,14998.0,0,0.0,0.0,0,0.0,0,0.0,0.0,0,0.0,0,0.0,0.0,0,0.0,0,0.0,0.0
balanced_active_abe479a53379,0.25,0.2,1.0,0.8,296,20,0.9091878917188958,0.9091878917188958,0.0,0.0,4,1362.0,0,0.0,0.0,2,500.0,0,0.0,0.0,2,862.0,0,0.0,0.0,0,0.0,0,0.0,0.0,0,0.0,0,0.0,0.0
balanced_active_3d6ac4537dc4,0.25,0.5,0.0,0.8,297,20,0.0,0.0,0.0,0.0,10,14998.0,0,0.0,0.0,10,14998.0,0,0.0,0.0,0,0.0,0,0.0,0.0,0,0.0,0,0.0,0.0,0,0.0,0,0.0,0.0
balanced_active_c808ba55edea,0.25,0.5,0.25,0.8,298,20,0.0,0.0,0.0,0.0,10,14997.0,0,0.0,0.0,10,14997.0,0,0.0,0.0,0,0.0,0,0.0,0.0,0,0.0,0,0.0,0.0,0,0.0,0,0.0,0.0
balanced_active_5ff275fb060e,0.25,0.5,0.5,0.8,299,20,0.0,0.0,0.0,0.0,10,14997.0,0,0.0,0.0,10,14997.0,0,0.0,0.0,0,0.0,0,0.0,0.0,0,0.0,0,0.0,0.0,0,0.0,0,0.0,0.0
balanced_active_c8fe4c061352,0.25,0.5,0.75,0.8,300,20,0.0,0.0,0.0,0.0,10,14997.0,0,0.0,0.0,10,14997.0,0,0.0,0.0,0,0.0,0,0.0,0.0,0,0.0,0,0.0,0.0,0,0.0,0,0.0,0.0
balanced_active_41eaa77c0e0c,0.25,0.5,1.0,0.8,301,20,0.0,0.0,0.0,0.0,10,14998.0,0,0.0,0.0,10,14998.0,0,0.0,0.0,0,0.0,0,0.0,0.0,0,0.0,0,0.0,0.0,0,0.0,0,0.0,0.0
balanced_active_b5d4e2ec48d0,0.25,1.0,0.0,0.8,302,20,0.0,0.0,0.0,0.0,10,14998.0,0,0.0,0.0,10,14998.0,0,0.0,0.0,0,0.0,0,0.0,0.0,0,0.0,0,0.0,0.0,0,0.0,0,0.0,0.0
balanced_active_4952c439bc52,0.25,1.0,0.25,0.8,303,20,0.0,0.0,0.0,0.0,10,14997.0,0,0.0,0.0,10,14997.0,0,0.0,0.0,0,0.0,0,0.0,0.0,0,0.0,0,0.0,0.0,0,0.0,0,0.0,0.0
balanced_active_0b1d19f000d9,0.25,1.0,0.5,0.8,304,20,0.0,0.0,0.0,0.0,10,14997.0,0,0.0,0.0,10,14997.0,0,0.0,0.0,0,0.0,0,0.0,0.0,0,0.0,0,0.0,0.0,0,0.0,0,0.0,0.0
balanced_active_da0d0bdfd594,0.25,1.0,0.75,0.8,305,20,0.0,0.0,0.0,0.0,10,14998.0,0,0.0,0.0,10,14998.0,0,0.0,0.0,0,0.0,0,0.0,0.0,0,0.0,0,0.0,0.0,0,0.0,0,0.0,0.0
balanced_active_9b12837e0efd,0.25,1.0,1.0,0.8,306,20,0.0,0.0,0.0,0.0,10,14997.0,0,0.0,0.0,10,14997.0,0,0.0,0.0,0,0.0,0,0.0,0.0,0,0.0,0,0.0,0.0,0,0.0,0,0.0,0.0
balanced_active_bd87b63c0fbe,0.25,2.0,0.0,0.8,307,20,0.0,0.0,0.0,0.0,10,14998.0,0,0.0,0.0,10,14998.0,0,0.0,0.0,0,0.0,0,0.0,0.0,0,0.0,0,0.0,0.0,0,0.0,0,0.0,0.0
balanced_active_19922c026683,0.25,2.0,0.25,0.8,308,20,0.0,0.0,0.0,0.0,10,14998.0,0,0.0,0.0,10,14998.0,0,0.0,0.0,0,0.0,0,0.0,0.0,0,0.0,0,0.0,0.0,0,0.0,0,0.0,0.0
balanced_active_1ad2302d1b8d,0.25,2.0,0.5,0.8,309,20,0.0,0.0,0.0,0.0,10,14998.0,0,0.0,0.0,10,14998.0,0,0.0,0.0,0,0.0,0,0.0,0.0,0,0.0,0,0.0,0.0,0,0.0,0,0.0,0.0
balanced_active_8c563914cc9d,0.25,2.0,0.75,0.8,310,20,0.0,0.0,0.0,0.0,10,14998.0,0,0.0,0.0,10,14998.0,0,0.0,0.0,0,0.0,0,0.0,0.0,0,0.0,0,0.0,0.0,0,0.0,0,0.0,0.0
balanced_active_0891a5e39e54,0.25,2.0,1.0,0.8,311,20,0.0,0.0,0.0,0.0,10,14997.0,0,0.0,0.0,10,14997.0,0,0.0,0.0,0,0.0,0,0.0,0.0,0,0.0,0,0.0,0.0,0,0.0,0,0.0,0.0
balanced_active_e9fc39d9c4d3,0.25,5.0,0.0,0.8,312,20,0.0,0.0,0.0,0.0,10,14998.0,0,0.0,0.0,10,14998.0,0,0.0,0.0,0,0.0,0,0.0,0.0,0,0.0,0,0.0,0.0,0,0.0,0,0.0,0.0
balanced_active_34bff1a54311,0.25,5.0,0.25,0.8,313,20,0.0,0.0,0.0,0.0,10,14997.0,0,0.0,0.0,10,14997.0,0,0.0,0.0,0,0.0,0,0.0,0.0,0,0.0,0,0.0,0.0,0,0.0,0,0.0,0.0
balanced_active_94319e2dab91,0.25,5.0,0.5,0.8,314,20,0.0,0.0,0.0,0.0,10,14997.0,0,0.0,0.0,10,14997.0,0,0.0,0.0,0,0.0,0,0.0,0.0,0,0.0,0,0.0,0.0,0,0.0,0,0.0,0.0
balanced_active_53b13374b556,0.25,5.0,0.75,0.8,315,20,0.0,0.0,0.0,0.0,10,14997.0,0,0.0,0.0,10,14997.0,0,0.0,0.0,0,0.0,0,0.0,0.0,0,0.0,0,0.0,0.0,0,0.0,0,0.0,0.0
balanced_active_6affc90f8216,0.25,5.0,1.0,0.8,316,20,0.0,0.0,0.0,0.0,10,14997.0,0,0.0,0.0,10,14997.0,0,0.0,0.0,0,0.0,0,0.0,0.0,0,0.0,0,0.0,0.0,0,0.0,0,0.0,0.0
balanced_active_fe296c3142d6,0.5,0.2,0.0,0.8,317,20,0.7611014801973596,0.8296439525270036,-0.0685424723296439,-0.0900569426193604,1,2555.0,0,0.0,0.0,1,2555.0,0,0.0,0.0,0,0.0,0,0.0,0.0,0,0.0,0,0.0,0.0,0,0.0,0,0.0,0.0
balanced_active_30bc10ae6c2f,0.5,0.2,0.25,0.8,318,20,0.5112014935324709,0.5112014935324709,0.0,0.0,8,7331.0,0,0.0,0.0,8,7331.0,0,0.0,0.0,0,0.0,0,0.0,0.0,0,0.0,0,0.0,0.0,0,0.0,0,0.0,0.0
balanced_active_a1d20997e440,0.5,0.2,0.75,0.8,320,20,0.5246382609855303,0.0,0.5246382609855303,1.0,10,14997.0,0,0.0,0.0,6,6662.0,0,0.0,0.0,2,2803.0,0,0.0,0.0,2,5532.0,0,0.0,0.0,0,0.0,0,0.0,0.0
balanced_active_d2fdd79a4c0f,0.5,0.5,0.25,0.8,323,20,0.6220414694312953,0.6220414694312953,0.0,0.0,6,5669.0,0,0.0,0.0,4,3630.0,0,0.0,0.0,2,2039.0,0,0.0,0.0,0,0.0,0,0.0,0.0,0,0.0,0,0.0,0.0
balanced_active_b9a18f2d8d05,0.5,0.5,0.5,0.8,324,20,0.6659331866373274,0.6659331866373274,0.0,0.0,6,5010.0,0,0.0,0.0,4,4351.0,0,0.0,0.0,2,659.0,0,0.0,0.0,0,0.0,0,0.0,0.0,0,0.0,0,0.0,0.0
balanced_active_8b656df51766,0.5,0.5,0.75,0.8,325,20,0.7624858304994332,0.7624858304994332,0.0,0.0,6,3562.0,0,0.0,0.0,4,2971.0,0,0.0,0.0,2,591.0,0,0.0,0.0,0,0.0,0,0.0,0.0,0,0.0,0,0.0,0.0
balanced_active_65292e383d3b,0.5,1.0,0.0,0.8,327,20,0.0,0.0,0.0,0.0,10,14997.0,0,0.0,0.0,10,14997.0,0,0.0,0.0,0,0.0,0,0.0,0.0,0,0.0,0,0.0,0.0,0,0.0,0,0.0,0.0
balanced_active_49445522bf21,0.5,1.0,0.25,0.8,328,20,0.0,0.0,0.0,0.0,10,14997.0,0,0.0,0.0,10,14997.0,0,0.0,0.0,0,0.0,0,0.0,0.0,0,0.0,0,0.0,0.0,0,0.0,0,0.0,0.0
balanced_active_5eb865866325,0.5,1.0,0.5,0.8,329,20,0.6439525270036004,0.6439525270036004,0.0,0.0,6,5340.0,0,0.0,0.0,4,3279.0,0,0.0,0.0,2,2061.0,0,0.0,0.0,0,0.0,0,0.0,0.0,0,0.0,0,0.0,0.0
balanced_active_7db68a13d9f3,0.5,1.0,0.75,0.8,330,20,0.8208975128359005,0.8561045542441821,-0.0352070414082816,-0.042888473722687,2,2158.0,0,0.0,0.0,2,2158.0,0,0.0,0.0,0,0.0,0,0.0,0.0,0,0.0,0,0.0,0.0,0,0.0,0,0.0,0.0
balanced_active_b64c73cfd328,0.5,1.0,1.0,0.8,331,20,0.0954857638194305,0.0,0.0954857638194305,1.0,10,14997.0,0,0.0,0.0,8,9790.0,0,0.0,0.0,0,0.0,0,0.0,0.0,2,5207.0,0,0.0,0.0,0,0.0,0,0.0,0.0
balanced_active_94ede69aea14,0.5,2.0,0.0,0.8,332,20,0.0,0.0,0.0,0.0,10,14997.0,0,0.0,0.0,10,14997.0,0,0.0,0.0,0,0.0,0,0.0,0.0,0,0.0,0,0.0,0.0,0,0.0,0,0.0,0.0
balanced_active_00ff61471ce8,0.5,2.0,0.25,0.8,333,20,0.0,0.0,0.0,0.0,10,14997.0,0,0.0,0.0,10,14997.0,0,0.0,0.0,0,0.0,0,0.0,0.0,0,0.0,0,0.0,0.0,0,0.0,0,0.0,0.0
balanced_active_67eddf15a01d,0.5,2.0,0.5,0.8,334,20,1.0,0.0,1.0,1.0,10,14997.0,0,0.0,0.0,6,7022.0,0,0.0,0.0,2,2234.0,0,0.0,0.0,2,5741.0,0,0.0,0.0,0,0.0,0,0.0,0.0
balanced_active_2847dcdd89d2,0.5,5.0,0.0,0.8,337,20,0.0,0.0,0.0,0.0,10,14997.0,0,0.0,0.0,10,14997.0,0,0.0,0.0,0,0.0,0,0.0,0.0,0,0.0,0,0.0,0.0,0,0.0,0,0.0,0.0
balanced_active_2ffb7cebab69,0.5,5.0,0.25,0.8,338,20,0.0,0.0,0.0,0.0,10,14997.0,0,0.0,0.0,10,14997.0,0,0.0,0.0,0,0.0,0,0.0,0.0,0,0.0,0,0.0,0.0,0,0.0,0,0.0,0.0
balanced_active_d4ae6c1b46bc,0.5,5.0,0.5,0.8,339,20,0.0,0.0,0.0,0.0,10,14998.0,0,0.0,0.0,10,14998.0,0,0.0,0.0,0,0.0,0,0.0,0.0,0,0.0,0,0.0,0.0,0,0.0,0,0.0,0.0
balanced_active_df93cb0e525a,0.5,5.0,0.75,0.8,340,20,0.0,0.0,0.0,0.0,10,14998.0,0,0.0,0.0,10,14998.0,0,0.0,0.0,0,0.0,0,0.0,0.0,0,0.0,0,0.0,0.0,0,0.0,0,0.0,0.0
balanced_active_0780c12df6f6,0.5,5.0,1.0,0.8,341,20,0.0,0.0,0.0,0.0,10,14998.0,0,0.0,0.0,10,14998.0,0,0.0,0.0,0,0.0,0,0.0,0.0,0,0.0,0,0.0,0.0,0,0.0,0,0.0,0.0
balanced_active_037d2862aa57,1.0,0.2,0.0,0.8,342,20,0.9995999466595547,0.9995999466595547,0.0,0.0,3,6.0,0,0.0,0.0,2,6.0,0,0.0,0.0,1,0.0,0,0.0,0.0,0,0.0,0,0.0,0.0,0,0.0,0,0.0,0.0
balanced_active_052cc89e6323,1.0,0.2,0.25,0.8,343,20,0.8449689937987597,0.8449689937987597,0.0,0.0,6,2325.0,0,0.0,0.0,4,1825.0,0,0.0,0.0,2,500.0,0,0.0,0.0,0,0.0,0,0.0,0.0,0,0.0,0,0.0,0.0
balanced_active_f808572b73ec,1.0,0.5,0.0,0.8,347,20,0.9186558207761034,0.9186558207761034,0.0,0.0,1,1220.0,0,0.0,0.0,1,1220.0,0,0.0,0.0,0,0.0,0,0.0,0.0,0,0.0,0,0.0,0.0,0,0.0,0,0.0,0.0
balanced_active_0d2c0a20360a,1.0,0.5,0.25,0.8,348,20,0.831910921456194,0.9621949593279104,-0.1302840378717162,-0.1566081590125831,2,567.0,0,0.0,0.0,2,567.0,0,0.0,0.0,0,0.0,0,0.0,0.0,0,0.0,0,0.0,0.0,0,0.0,0,0.0,0.0
balanced_active_b21aa523b1c4,1.0,0.5,0.75,0.8,350,20,0.8823097952923918,0.8823097952923918,0.0,0.0,4,1765.0,0,0.0,0.0,2,1069.0,0,0.0,0.0,2,696.0,0,0.0,0.0,0,0.0,0,0.0,0.0,0,0.0,0,0.0,0.0
balanced_active_cf6cabbf5672,1.0,0.5,1.0,0.8,351,20,0.6667111229661242,0.6667111229661242,0.0,0.0,8,4998.0,0,0.0,0.0,8,4998.0,0,0.0,0.0,0,0.0,0,0.0,0.0,0,0.0,0,0.0,0.0,0,0.0,0,0.0,0.0
balanced_active_1ef078dd4531,1.0,1.0,0.25,0.8,353,20,0.8465693138627725,0.8465693138627725,0.0,0.0,2,2301.0,0,0.0,0.0,2,2301.0,0,0.0,0.0,0,0.0,0,0.0,0.0,0,0.0,0,0.0,0.0,0,0.0,0,0.0,0.0
balanced_active_5909c9620eb7,1.0,1.0,0.5,0.8,354,20,0.9405920789438592,0.9405920789438592,0.0,0.0,2,891.0,0,0.0,0.0,2,891.0,0,0.0,0.0,0,0.0,0,0.0,0.0,0,0.0,0,0.0,0.0,0,0.0,0,0.0,0.0
balanced_active_a55d2e8899f5,1.0,1.0,1.0,0.8,356,20,1.0,0.7978262319130492,0.2021737680869507,0.2021737680869507,2,3032.0,0,0.0,0.0,0,0.0,0,0.0,0.0,0,0.0,0,0.0,0.0,2,3032.0,0,0.0,0.0,0,0.0,0,0.0,0.0
balanced_active_78e2e2d52592,1.0,2.0,0.0,0.8,357,20,0.0,0.0,0.0,0.0,10,14998.0,0,0.0,0.0,2,1545.0,0,0.0,0.0,0,0.0,0,0.0,0.0,8,13453.0,0,0.0,0.0,0,0.0,0,0.0,0.0
balanced_active_2fbd6bd4e4ed,1.0,2.0,0.25,0.8,358,20,0.8397012735880509,0.8063612722544508,0.0333400013336,0.0397045977924243,2,2904.0,0,0.0,0.0,0,0.0,0,0.0,0.0,0,0.0,0,0.0,0.0,2,2904.0,0,0.0,0.0,0,0.0,0,0.0,0.0
balanced_active_f1c4be50b4cb,1.0,2.0,0.75,0.8,360,20,0.5826498633059946,0.8794425551777022,-0.2967926918717076,-0.5093842984664682,2,1808.0,0,0.0,0.0,2,1808.0,0,0.0,0.0,0,0.0,0,0.0,0.0,0,0.0,0,0.0,0.0,0,0.0,0,0.0,0.0
balanced_active_cc3615136095,1.0,2.0,1.0,0.8,361,20,1.0,0.6592212294972662,0.3407787705027336,0.3407787705027336,1,5111.0,0,0.0,0.0,0,0.0,0,0.0,0.0,0,0.0,0,0.0,0.0,1,5111.0,0,0.0,0.0,0,0.0,0,0.0,0.0
balanced_active_16f9fda4fd9d,1.0,5.0,0.0,0.8,362,20,1.0,0.0,1.0,1.0,10,14997.0,0,0.0,0.0,4,4424.0,0,0.0,0.0,0,0.0,0,0.0,0.0,6,10573.0,0,0.0,0.0,0,0.0,0,0.0,0.0
balanced_active_922bb79e494a,1.0,5.0,0.25,0.8,363,20,1.0,0.7705847056470431,0.2294152943529568,0.2294152943529568,2,3441.0,0,0.0,0.0,0,0.0,0,0.0,0.0,0,0.0,0,0.0,0.0,2,3441.0,0,0.0,0.0,0,0.0,0,0.0,0.0
balanced_active_b930a307d19d,1.0,5.0,0.5,0.8,364,20,0.8814508601146819,0.8814508601146819,0.0,0.0,2,1778.0,0,0.0,0.0,2,1778.0,0,0.0,0.0,0,0.0,0,0.0,0.0,0,0.0,0,0.0,0.0,0,0.0,0,0.0,0.0
balanced_active_2619810cc56f,1.0,5.0,0.75,0.8,365,20,1.0,0.6961594879317242,0.3038405120682757,0.3038405120682757,2,4557.0,0,0.0,0.0,0,0.0,0,0.0,0.0,0,0.0,0,0.0,0.0,2,4557.0,0,0.0,0.0,0,0.0,0,0.0,0.0
balanced_active_e05771f94acb,1.0,5.0,1.0,0.8,366,20,0.5622457824898311,0.8391011535640461,-0.2768553710742148,-0.4924098671726755,2,2413.0,0,0.0,0.0,2,2413.0,0,0.0,0.0,0,0.0,0,0.0,0.0,0,0.0,0,0.0,0.0,0,0.0,0,0.0,0.0
balanced_active_b50231bdaede,2.0,0.2,0.0,0.8,367,20,1.0,1.0,0.0,0.0,1,0.0,0,0.0,0.0,1,0.0,0,0.0,0.0,0,0.0,0,0.0,0.0,0,0.0,0,0.0,0.0,0,0.0,0,0.0,0.0
balanced_active_515d854620c1,2.0,0.2,0.25,0.8,368,20,0.908060537369158,0.9666644442962864,-0.0586039069271284,-0.0645374449339207,2,500.0,0,0.0,0.0,2,500.0,0,0.0,0.0,0,0.0,0,0.0,0.0,0,0.0,0,0.0,0.0,0,0.0,0,0.0,0.0
balanced_active_1c27ee519c27,2.0,0.5,0.75,0.8,375,20,0.8373007934920317,0.9331866373274654,-0.0958858438354337,-0.1145177988373019,2,1002.0,0,0.0,0.0,2,1002.0,0,0.0,0.0,0,0.0,0,0.0,0.0,0,0.0,0,0.0,0.0,0,0.0,0,0.0,0.0
balanced_active_e53e8ae89598,2.0,1.0,0.0,0.8,377,20,0.9442555177702208,0.9442555177702208,0.0,0.0,2,836.0,0,0.0,0.0,2,836.0,0,0.0,0.0,0,0.0,0,0.0,0.0,0,0.0,0,0.0,0.0,0,0.0,0,0.0,0.0
balanced_active_092d01d82c54,2.0,1.0,0.75,0.8,380,20,0.9481264168555807,0.9147886384851311,0.0333377783704493,0.0351617440225035,2,1278.0,0,0.0,0.0,0,0.0,0,0.0,0.0,0,0.0,0,0.0,0.0,2,1278.0,0,0.0,0.0,0,0.0,0,0.0,0.0
balanced_active_53cbb5842adb,2.0,2.0,0.0,0.8,382,20,0.9399213175968528,0.9399213175968528,0.0,0.0,1,901.0,0,0.0,0.0,0,0.0,0,0.0,0.0,0,0.0,0,0.0,0.0,1,901.0,0,0.0,0.0,0,0.0,0,0.0,0.0
balanced_active_80e7c49cc998,2.0,2.0,0.25,0.8,383,20,0.9205841168233646,0.9205841168233646,0.0,0.0,2,1191.0,0,0.0,0.0,2,1191.0,0,0.0,0.0,0,0.0,0,0.0,0.0,0,0.0,0,0.0,0.0,0,0.0,0,0.0,0.0
balanced_active_23fc5f3af386,2.0,2.0,0.5,0.8,384,20,1.0,0.811762352470494,0.1882376475295059,0.1882376475295059,1,2823.0,0,0.0,0.0,0,0.0,0,0.0,0.0,0,0.0,0,0.0,0.0,1,2823.0,0,0.0,0.0,0,0.0,0,0.0,0.0
balanced_active_da4a88882a90,2.0,2.0,0.75,0.8,385,20,1.0,0.806761352270454,0.1932386477295459,0.1932386477295459,2,2898.0,0,0.0,0.0,0,0.0,0,0.0,0.0,0,0.0,0,0.0,0.0,2,2898.0,0,0.0,0.0,0,0.0,0,0.0,0.0
balanced_active_359825571f1f,2.0,2.0,1.0,0.8,386,20,1.0,0.804973996532871,0.1950260034671289,0.1950260034671289,2,2925.0,0,0.0,0.0,0,0.0,0,0.0,0.0,0,0.0,0,0.0,0.0,2,2925.0,0,0.0,0.0,0,0.0,0,0.0,0.0
balanced_active_d359cf60802b,2.0,5.0,0.0,0.8,387,20,1.0,0.8509602560682848,0.1490397439317151,0.1490397439317151,1,2235.0,0,0.0,0.0,0,0.0,0,0.0,0.0,0,0.0,0,0.0,0.0,1,2235.0,0,0.0,0.0,0,0.0,0,0.0,0.0
balanced_active_2eb602411470,2.0,5.0,0.25,0.8,388,20,1.0,0.816842245632751,0.1831577543672489,0.1831577543672489,2,2747.0,0,0.0,0.0,0,0.0,0,0.0,0.0,0,0.0,0,0.0,0.0,2,2747.0,0,0.0,0.0,0,0.0,0,0.0,0.0
balanced_active_19a164aa6512,2.0,5.0,0.5,0.8,389,20,1.0,0.7652197106087884,0.2347802893912115,0.2347802893912115,2,3521.0,0,0.0,0.0,0,0.0,0,0.0,0.0,0,0.0,0,0.0,0.0,2,3521.0,0,0.0,0.0,0,0.0,0,0.0,0.0
balanced_active_8660053ec7b0,2.0,5.0,0.75,0.8,390,20,1.0,0.7924918316996732,0.2075081683003267,0.2075081683003267,2,3112.0,0,0.0,0.0,0,0.0,0,0.0,0.0,0,0.0,0,0.0,0.0,2,3112.0,0,0.0,0.0,0,0.0,0,0.0,0.0
balanced_active_ade5e260a178,2.0,5.0,1.0,0.8,391,20,1.0,0.7942255117690205,0.2057744882309795,0.2057744882309795,1,3086.0,0,0.0,0.0,0,0.0,0,0.0,0.0,0,0.0,0,0.0,0.0,1,3086.0,0,0.0,0.0,0,0.0,0,0.0,0.0
balanced_active_12fec638c3b0,4.0,0.2,0.0,0.8,392,20,1.0,0.9199173167966926,0.0800826832033073,0.0800826832033073,1,1201.0,0,0.0,0.0,0,0.0,0,0.0,0.0,0,0.0,0,0.0,0.0,1,1201.0,0,0.0,0.0,0,0.0,0,0.0,0.0
balanced_active_57282f7f2a23,4.0,0.2,0.25,0.8,393,20,0.9666622216295506,0.9666622216295506,0.0,0.0,2,500.0,0,0.0,0.0,2,500.0,0,0.0,0.0,0,0.0,0,0.0,0.0,0,0.0,0,0.0,0.0,0,0.0,0,0.0,0.0
balanced_active_f723acaaf1a5,4.0,0.2,0.5,0.8,394,20,1.0,0.888044275521771,0.1119557244782289,0.1119557244782289,2,1679.0,0,0.0,0.0,0,0.0,0,0.0,0.0,0,0.0,0,0.0,0.0,2,1679.0,0,0.0,0.0,0,0.0,0,0.0,0.0
balanced_active_21a16412f835,4.0,0.2,0.75,0.8,395,20,0.9655264386210576,0.9655264386210576,0.0,0.0,2,517.0,0,0.0,0.0,2,517.0,0,0.0,0.0,0,0.0,0,0.0,0.0,0,0.0,0,0.0,0.0,0,0.0,0,0.0,0.0
balanced_active_b02d9b328a63,4.0,0.5,0.0,0.8,397,20,0.9842635193705408,0.9842635193705408,0.0,0.0,1,236.0,0,0.0,0.0,0,0.0,0,0.0,0.0,0,0.0,0,0.0,0.0,1,236.0,0,0.0,0.0,0,0.0,0,0.0,0.0
balanced_active_90ec5271f59d,4.0,0.5,0.25,0.8,398,20,1.0,0.809095152363806,0.1909048476361939,0.1909048476361939,2,2863.0,0,0.0,0.0,0,0.0,0,0.0,0.0,0,0.0,0,0.0,0.0,2,2863.0,0,0.0,0.0,0,0.0,0,0.0,0.0
balanced_active_6fc1df25bb05,4.0,0.5,0.5,0.8,399,20,0.9654620616082144,0.9654620616082144,0.0,0.0,2,518.0,0,0.0,0.0,2,518.0,0,0.0,0.0,0,0.0,0,0.0,0.0,0,0.0,0,0.0,0.0,0,0.0,0,0.0,0.0
balanced_active_0e87ed5b25b6,4.0,0.5,0.75,0.8,400,20,1.0,0.8889703921045612,0.1110296078954387,0.1110296078954387,2,1665.0,0,0.0,0.0,0,0.0,0,0.0,0.0,0,0.0,0,0.0,0.0,2,1665.0,0,0.0,0.0,0,0.0,0,0.0,0.0
balanced_active_b6590886ed85,4.0,1.0,0.25,0.8,403,20,0.9621257584850303,0.9621257584850303,0.0,0.0,1,568.0,0,0.0,0.0,0,0.0,0,0.0,0.0,0,0.0,0,0.0,0.0,1,568.0,0,0.0,0.0,0,0.0,0,0.0,0.0
balanced_active_e2b9f2b1661e,4.0,1.0,1.0,0.8,406,20,1.0,0.7826898713075948,0.2173101286924051,0.2173101286924051,1,3259.0,0,0.0,0.0,0,0.0,0,0.0,0.0,0,0.0,0,0.0,0.0,1,3259.0,0,0.0,0.0,0,0.0,0,0.0,0.0
balanced_active_051a1a1ffa13,4.0,2.0,0.25,0.8,408,20,1.0,0.8287771702893719,0.171222829710628,0.171222829710628,2,2568.0,0,0.0,0.0,0,0.0,0,0.0,0.0,0,0.0,0,0.0,0.0,2,2568.0,0,0.0,0.0,0,0.0,0,0.0,0.0
balanced_active_75854eaf14c3,4.0,2.0,0.5,0.8,409,20,1.0,0.9099153163966126,0.0900846836033873,0.0900846836033873,2,1351.0,0,0.0,0.0,0,0.0,0,0.0,0.0,0,0.0,0,0.0,0.0,2,1351.0,0,0.0,0.0,0,0.0,0,0.0,0.0
balanced_active_d2bb43c47458,4.0,2.0,0.75,0.8,410,20,0.9869315908787838,0.9535938125083344,0.0333377783704493,0.0337792190244561,2,696.0,0,0.0,0.0,0,0.0,0,0.0,0.0,0,0.0,0,0.0,0.0,2,696.0,0,0.0,0.0,0,0.0,0,0.0,0.0
balanced_active_f1e72d28fb90,4.0,5.0,0.25,0.8,413,20,1.0,0.8485131350846778,0.151486864915322,0.151486864915322,2,2272.0,0,0.0,0.0,0,0.0,0,0.0,0.0,0,0.0,0,0.0,0.0,2,2272.0,0,0.0,0.0,0,0.0,0,0.0,0.0
balanced_active_ac563c287ccf,4.0,5.0,0.5,0.8,414,20,1.0,0.8098953123958124,0.1901046876041875,0.1901046876041875,2,2851.0,0,0.0,0.0,0,0.0,0,0.0,0.0,0,0.0,0,0.0,0.0,2,2851.0,0,0.0,0.0,0,0.0,0,0.0,0.0
balanced_active_7fb6734f69f0,4.0,5.0,0.75,0.8,415,20,1.0,0.8692492332310974,0.1307507667689025,0.1307507667689025,2,1961.0,0,0.0,0.0,0,0.0,0,0.0,0.0,0,0.0,0,0.0,0.0,2,1961.0,0,0.0,0.0,0,0.0,0,0.0,0.0
balanced_active_76d429d8654a,0.25,0.2,0.25,0.75,418,20,0.898379675935187,0.898379675935187,0.0,0.0,6,1524.0,0,0.0,0.0,4,1023.0,0,0.0,0.0,2,501.0,0,0.0,0.0,0,0.0,0,0.0,0.0,0,0.0,0,0.0,0.0
balanced_active_99a1b47b4c67,0.25,0.2,0.5,0.75,419,20,0.0,0.0,0.0,0.0,10,14999.0,0,0.0,0.0,10,14999.0,0,0.0,0.0,0,0.0,0,0.0,0.0,0,0.0,0,0.0,0.0,0,0.0,0,0.0,0.0
balanced_active_07e60c3764c0,0.25,0.2,0.75,0.75,420,20,0.966328843845846,0.966328843845846,0.0,0.0,2,505.0,0,0.0,0.0,0,0.0,0,0.0,0.0,2,505.0,0,0.0,0.0,0,0.0,0,0.0,0.0,0,0.0,0,0.0,0.0
balanced_active_fe05fce920c9,0.25,0.2,1.0,0.75,421,20,0.0,0.0,0.0,0.0,10,14997.0,0,0.0,0.0,10,14997.0,0,0.0,0.0,0,0.0,0,0.0,0.0,0,0.0,0,0.0,0.0,0,0.0,0,0.0,0.0
balanced_active_649e337e5a50,0.25,0.5,0.0,0.75,422,20,0.0,0.0,0.0,0.0,10,14998.0,0,0.0,0.0,10,14998.0,0,0.0,0.0,0,0.0,0,0.0,0.0,0,0.0,0,0.0,0.0,0,0.0,0,0.0,0.0
balanced_active_693978ae2541,0.25,0.5,0.25,0.75,423,20,0.0,0.0,0.0,0.0,10,14998.0,0,0.0,0.0,10,14998.0,0,0.0,0.0,0,0.0,0,0.0,0.0,0,0.0,0,0.0,0.0,0,0.0,0,0.0,0.0
balanced_active_b8f37ea87e69,0.25,0.5,0.5,0.75,424,20,0.0,0.0,0.0,0.0,10,14998.0,0,0.0,0.0,10,14998.0,0,0.0,0.0,0,0.0,0,0.0,0.0,0,0.0,0,0.0,0.0,0,0.0,0,0.0,0.0
balanced_active_68e6e415da80,0.25,0.5,0.75,0.75,425,20,0.0,0.0,0.0,0.0,10,14996.0,0,0.0,0.0,10,14996.0,0,0.0,0.0,0,0.0,0,0.0,0.0,0,0.0,0,0.0,0.0,0,0.0,0,0.0,0.0
balanced_active_2d49af5a0d9b,0.25,1.0,0.0,0.75,427,20,0.0,0.0,0.0,0.0,10,14998.0,0,0.0,0.0,10,14998.0,0,0.0,0.0,0,0.0,0,0.0,0.0,0,0.0,0,0.0,0.0,0,0.0,0,0.0,0.0
balanced_active_dc2fb7f19d88,0.25,1.0,0.25,0.75,428,20,0.0,0.0,0.0,0.0,10,14997.0,0,0.0,0.0,10,14997.0,0,0.0,0.0,0,0.0,0,0.0,0.0,0,0.0,0,0.0,0.0,0,0.0,0,0.0,0.0
balanced_active_4d860bde1b20,0.25,1.0,0.5,0.75,429,20,0.0,0.0,0.0,0.0,10,14997.0,0,0.0,0.0,10,14997.0,0,0.0,0.0,0,0.0,0,0.0,0.0,0,0.0,0,0.0,0.0,0,0.0,0,0.0,0.0
balanced_active_11d521c3fe3d,0.25,1.0,0.75,0.75,430,20,0.0,0.0,0.0,0.0,10,14997.0,0,0.0,0.0,10,14997.0,0,0.0,0.0,0,0.0,0,0.0,0.0,0,0.0,0,0.0,0.0,0,0.0,0,0.0,0.0
balanced_active_cb05d4f23212,0.25,1.0,1.0,0.75,431,20,0.0,0.0,0.0,0.0,10,14998.0,0,0.0,0.0,10,14998.0,0,0.0,0.0,0,0.0,0,0.0,0.0,0,0.0,0,0.0,0.0,0,0.0,0,0.0,0.0
balanced_active_b2408e9bf02e,0.25,2.0,0.0,0.75,432,20,0.0,0.0,0.0,0.0,10,14996.0,0,0.0,0.0,10,14996.0,0,0.0,0.0,0,0.0,0,0.0,0.0,0,0.0,0,0.0,0.0,0,0.0,0,0.0,0.0
balanced_active_58c25a0c951a,0.25,2.0,0.25,0.75,433,20,0.0,0.0,0.0,0.0,10,14997.0,0,0.0,0.0,10,14997.0,0,0.0,0.0,0,0.0,0,0.0,0.0,0,0.0,0,0.0,0.0,0,0.0,0,0.0,0.0
balanced_active_71e5572486d0,0.25,2.0,0.5,0.75,434,20,0.0,0.0,0.0,0.0,10,14997.0,0,0.0,0.0,10,14997.0,0,0.0,0.0,0,0.0,0,0.0,0.0,0,0.0,0,0.0,0.0,0,0.0,0,0.0,0.0
balanced_active_acaa7d973f24,0.25,2.0,0.75,0.75,435,20,0.0,0.0,0.0,0.0,10,14997.0,0,0.0,0.0,10,14997.0,0,0.0,0.0,0,0.0,0,0.0,0.0,0,0.0,0,0.0,0.0,0,0.0,0,0.0,0.0
balanced_active_074f9adc9a15,0.25,2.0,1.0,0.75,436,20,0.0,0.0,0.0,0.0,10,14997.0,0,0.0,0.0,10,14997.0,0,0.0,0.0,0,0.0,0,0.0,0.0,0,0.0,0,0.0,0.0,0,0.0,0,0.0,0.0
balanced_active_65af5c372be7,0.25,5.0,0.0,0.75,437,20,0.0,0.0,0.0,0.0,10,14998.0,0,0.0,0.0,10,14998.0,0,0.0,0.0,0,0.0,0,0.0,0.0,0,0.0,0,0.0,0.0,0,0.0,0,0.0,0.0
balanced_active_6acdcf618a54,0.25,5.0,0.25,0.75,438,20,0.0,0.0,0.0,0.0,10,14997.0,0,0.0,0.0,10,14997.0,0,0.0,0.0,0,0.0,0,0.0,0.0,0,0.0,0,0.0,0.0,0,0.0,0,0.0,0.0
balanced_active_137389fe0b89,0.25,5.0,0.5,0.75,439,20,0.0,0.0,0.0,0.0,10,14996.0,0,0.0,0.0,10,14996.0,0,0.0,0.0,0,0.0,0,0.0,0.0,0,0.0,0,0.0,0.0,0,0.0,0,0.0,0.0
balanced_active_bff69f7e15cd,0.25,5.0,0.75,0.75,440,20,0.0,0.0,0.0,0.0,10,14997.0,0,0.0,0.0,10,14997.0,0,0.0,0.0,0,0.0,0,0.0,0.0,0,0.0,0,0.0,0.0,0,0.0,0,0.0,0.0
balanced_active_21810630cfed,0.25,5.0,1.0,0.75,441,20,0.0,0.0,0.0,0.0,10,14998.0,0,0.0,0.0,10,14998.0,0,0.0,0.0,0,0.0,0,0.0,0.0,0,0.0,0,0.0,0.0,0,0.0,0,0.0,0.0
balanced_active_8c8f745feaf1,0.5,0.2,0.0,0.75,442,20,0.9105880784104547,0.9105880784104547,0.0,0.0,3,1341.0,0,0.0,0.0,3,1341.0,0,0.0,0.0,0,0.0,0,0.0,0.0,0,0.0,0,0.0,0.0,0,0.0,0,0.0,0.0
balanced_active_bddc73ad8389,0.5,0.2,0.25,0.75,443,20,0.5529772621190904,0.5529772621190904,0.0,0.0,8,6704.0,0,0.0,0.0,6,6142.0,0,0.0,0.0,2,562.0,0,0.0,0.0,0,0.0,0,0.0,0.0,0,0.0,0,0.0,0.0
balanced_active_8a8a4bf47f1f,0.5,0.2,0.75,0.75,445,20,0.6424428295219681,0.9609307287152477,-0.3184878991932795,-0.4957451224574512,2,586.0,0,0.0,0.0,2,586.0,0,0.0,0.0,0,0.0,0,0.0,0.0,0,0.0,0,0.0,0.0,0,0.0,0,0.0,0.0
balanced_active_7ebf44990c42,0.5,0.2,1.0,0.75,446,20,0.9644619282571008,0.9644619282571008,0.0,0.0,2,533.0,0,0.0,0.0,2,533.0,0,0.0,0.0,0,0.0,0,0.0,0.0,0,0.0,0,0.0,0.0,0,0.0,0,0.0,0.0
balanced_active_a3b53dcd7894,0.5,0.5,0.0,0.75,447,20,0.0,0.0,0.0,0.0,10,14998.0,0,0.0,0.0,6,5317.0,0,0.0,0.0,2,2827.0,0,0.0,0.0,2,6854.0,0,0.0,0.0,0,0.0,0,0.0,0.0
balanced_active_580141a84276,0.5,0.5,0.25,0.75,448,20,0.0,0.9450556778022272,-0.9450556778022272,0.0,2,824.0,0,0.0,0.0,2,824.0,0,0.0,0.0,0,0.0,0,0.0,0.0,0,0.0,0,0.0,0.0,0,0.0,0,0.0,0.0
balanced_active_20db3ed1b0f9,0.5,1.0,0.0,0.75,452,20,0.0,0.903787171622883,-0.903787171622883,0.0,1,1443.0,0,0.0,0.0,1,1443.0,0,0.0,0.0,0,0.0,0,0.0,0.0,0,0.0,0,0.0,0.0,0,0.0,0,0.0,0.0
balanced_active_06f6c7bc5995,0.5,1.0,0.25,0.75,453,20,0.0,0.0,0.0,0.0,10,14997.0,0,0.0,0.0,10,14997.0,0,0.0,0.0,0,0.0,0,0.0,0.0,0,0.0,0,0.0,0.0,0,0.0,0,0.0,0.0
balanced_active_b4e97b992fc5,0.5,1.0,0.5,0.75,454,20,0.6717114474298286,0.0,0.6717114474298286,1.0,10,14999.0,0,0.0,0.0,4,3705.0,0,0.0,0.0,2,1592.0,0,0.0,0.0,2,5424.0,0,0.0,0.0,2,4278.0,0,0.0,0.0
balanced_active_f8acc03eec2f,0.5,1.0,0.75,0.75,455,20,0.0,0.0,0.0,0.0,10,14997.0,0,0.0,0.0,6,8029.0,0,0.0,0.0,2,1509.0,0,0.0,0.0,2,5459.0,0,0.0,0.0,0,0.0,0,0.0,0.0
balanced_active_b9582abf0b27,0.5,1.0,1.0,0.75,456,20,1.0,0.0,1.0,1.0,10,14998.0,0,0.0,0.0,6,7776.0,0,0.0,0.0,2,1395.0,0,0.0,0.0,2,5827.0,0,0.0,0.0,0,0.0,0,0.0,0.0
balanced_active_775dc9513212,0.5,2.0,0.0,0.75,457,20,0.0,0.0,0.0,0.0,10,14997.0,0,0.0,0.0,10,14997.0,0,0.0,0.0,0,0.0,0,0.0,0.0,0,0.0,0,0.0,0.0,0,0.0,0,0.0,0.0
balanced_active_124676c9f836,0.5,2.0,0.25,0.75,458,20,0.0,0.0,0.0,0.0,10,14998.0,0,0.0,0.0,10,14998.0,0,0.0,0.0,0,0.0,0,0.0,0.0,0,0.0,0,0.0,0.0,0,0.0,0,0.0,0.0
balanced_active_a401ddc43f02,0.5,2.0,0.5,0.75,459,20,0.0,0.0,0.0,0.0,10,14998.0,0,0.0,0.0,10,14998.0,0,0.0,0.0,0,0.0,0,0.0,0.0,0,0.0,0,0.0,0.0,0,0.0,0,0.0,0.0
balanced_active_86bdf70948db,0.5,2.0,0.75,0.75,460,20,1.0,0.0,1.0,1.0,10,14997.0,0,0.0,0.0,4,3746.0,0,0.0,0.0,2,1754.0,0,0.0,0.0,2,5536.0,0,0.0,0.0,2,3961.0,0,0.0,0.0
balanced_active_da9652bf6c71,0.5,2.0,1.0,0.75,461,20,0.0,0.0,0.0,0.0,10,14998.0,0,0.0,0.0,10,14998.0,0,0.0,0.0,0,0.0,0,0.0,0.0,0,0.0,0,0.0,0.0,0,0.0,0,0.0,0.0
balanced_active_d701bf75f907,0.5,5.0,0.0,0.75,462,20,0.0,0.0,0.0,0.0,10,14997.0,0,0.0,0.0,10,14997.0,0,0.0,0.0,0,0.0,0,0.0,0.0,0,0.0,0,0.0,0.0,0,0.0,0,0.0,0.0
balanced_active_6966ca0dbd78,0.5,5.0,0.25,0.75,463,20,0.0,0.0,0.0,0.0,10,14998.0,0,0.0,0.0,10,14998.0,0,0.0,0.0,0,0.0,0,0.0,0.0,0,0.0,0,0.0,0.0,0,0.0,0,0.0,0.0
balanced_active_0bddbf719a68,0.5,5.0,0.5,0.75,464,20,0.0,0.0,0.0,0.0,10,14998.0,0,0.0,0.0,10,14998.0,0,0.0,0.0,0,0.0,0,0.0,0.0,0,0.0,0,0.0,0.0,0,0.0,0,0.0,0.0
balanced_active_9901c770c7f9,0.5,5.0,0.75,0.75,465,20,0.0,0.0,0.0,0.0,10,14997.0,0,0.0,0.0,10,14997.0,0,0.0,0.0,0,0.0,0,0.0,0.0,0,0.0,0,0.0,0.0,0,0.0,0,0.0,0.0
balanced_active_0efd36f94e52,0.5,5.0,1.0,0.75,466,20,0.0,0.0,0.0,0.0,10,14997.0,0,0.0,0.0,10,14997.0,0,0.0,0.0,0,0.0,0,0.0,0.0,0,0.0,0,0.0,0.0,0,0.0,0,0.0,0.0
balanced_active_8cb706757fa0,1.0,0.2,0.0,0.75,467,20,0.924928328555237,0.924928328555237,0.0,0.0,4,1126.0,0,0.0,0.0,3,1126.0,0,0.0,0.0,1,0.0,0,0.0,0.0,0,0.0,0,0.0,0.0,0,0.0,0,0.0,0.0
balanced_active_0a14e312f62e,1.0,0.2,0.25,0.75,468,20,1.0,0.7868240314729612,0.2131759685270387,0.2131759685270387,2,3197.0,0,0.0,0.0,0,0.0,0,0.0,0.0,0,0.0,0,0.0,0.0,2,3197.0,0,0.0,0.0,0,0.0,0,0.0,0.0
balanced_active_a9d08448bed8,1.0,0.2,0.5,0.75,469,20,0.9610614748633152,0.9610614748633152,0.0,0.0,2,584.0,0,0.0,0.0,2,584.0,0,0.0,0.0,0,0.0,0,0.0,0.0,0,0.0,0,0.0,0.0,0,0.0,0,0.0,0.0
balanced_active_624cb2842244,1.0,0.2,0.75,0.75,470,20,0.9666622216295506,0.9666622216295506,0.0,0.0,2,500.0,0,0.0,0.0,0,0.0,0,0.0,0.0,2,500.0,0,0.0,0.0,0,0.0,0,0.0,0.0,0,0.0,0,0.0,0.0
balanced_active_761dd3c89335,1.0,0.5,0.25,0.75,473,20,0.8591145486064808,0.8591145486064808,0.0,0.0,2,2113.0,0,0.0,0.0,2,2113.0,0,0.0,0.0,0,0.0,0,0.0,0.0,0,0.0,0,0.0,0.0,0,0.0,0,0.0,0.0
balanced_active_5232e71472a3,1.0,0.5,0.75,0.75,475,20,0.840034673601387,0.8066946722677868,0.0333400013336,0.039688839498333,2,2899.0,0,0.0,0.0,0,0.0,0,0.0,0.0,0,0.0,0,0.0,0.0,2,2899.0,0,0.0,0.0,0,0.0,0,0.0,0.0
balanced_active_4140b0bc7f57,1.0,1.0,0.0,0.75,477,20,1.0,0.8284990331399613,0.1715009668600386,0.1715009668600386,1,2572.0,0,0.0,0.0,0,0.0,0,0.0,0.0,0,0.0,0,0.0,0.0,1,2572.0,0,0.0,0.0,0,0.0,0,0.0,0.0
balanced_active_74c5cc92b917,1.0,1.0,0.25,0.75,478,20,1.0,0.7053607147619682,0.2946392852380317,0.2946392852380317,2,4419.0,0,0.0,0.0,0,0.0,0,0.0,0.0,0,0.0,0,0.0,0.0,2,4419.0,0,0.0,0.0,0,0.0,0,0.0,0.0
balanced_active_91df2eef7550,1.0,1.0,0.5,0.75,479,20,1.0,0.7220962795039338,0.2779037204960661,0.2779037204960661,2,4168.0,0,0.0,0.0,0,0.0,0,0.0,0.0,0,0.0,0,0.0,0.0,2,4168.0,0,0.0,0.0,0,0.0,0,0.0,0.0
balanced_active_7bf50f063792,1.0,1.0,1.0,0.75,481,20,0.8475028339001133,0.8141628325665133,0.0333400013336,0.03933910306845,2,2787.0,0,0.0,0.0,0,0.0,0,0.0,0.0,0,0.0,0,0.0,0.0,2,2787.0,0,0.0,0.0,0,0.0,0,0.0,0.0
balanced_active_6631dae289ba,1.0,2.0,0.0,0.75,482,20,1.0,0.0,1.0,1.0,10,14998.0,0,0.0,0.0,2,1947.0,0,0.0,0.0,0,0.0,0,0.0,0.0,8,13051.0,0,0.0,0.0,0,0.0,0,0.0,0.0
balanced_active_8c3e16c4de89,1.0,2.0,0.25,0.75,483,20,0.8545139351913588,0.8211761568209094,0.0333377783704493,0.0390137328339575,2,2682.0,0,0.0,0.0,0,0.0,0,0.0,0.0,0,0.0,0,0.0,0.0,2,2682.0,0,0.0,0.0,0,0.0,0,0.0,0.0
balanced_active_10d162e6eef6,1.0,2.0,0.5,0.75,484,20,0.9052540338711828,0.9052540338711828,0.0,0.0,2,1421.0,0,0.0,0.0,2,1421.0,0,0.0,0.0,0,0.0,0,0.0,0.0,0,0.0,0,0.0,0.0,0,0.0,0,0.0,0.0
balanced_active_b2bd2442ccd6,1.0,2.0,0.75,0.75,485,20,0.8614389544575581,0.8280989531239581,0.0333400013336,0.038702685966406,2,2578.0,0,0.0,0.0,0,0.0,0,0.0,0.0,0,0.0,0,0.0,0.0,2,2578.0,0,0.0,0.0,0,0.0,0,0.0,0.0
balanced_active_75eb8fd507af,1.0,2.0,1.0,0.75,486,20,0.8499799973329777,0.8166422189625283,0.0333377783704493,0.0392218387197991,2,2750.0,0,0.0,0.0,0,0.0,0,0.0,0.0,0,0.0,0,0.0,0.0,2,2750.0,0,0.0,0.0,0,0.0,0,0.0,0.0
balanced_active_9cd72c6f271e,1.0,5.0,0.0,0.75,487,20,1.0,0.0,1.0,1.0,10,14997.0,0,0.0,0.0,2,1945.0,0,0.0,0.0,0,0.0,0,0.0,0.0,8,13052.0,0,0.0,0.0,0,0.0,0,0.0,0.0
balanced_active_31dae9d3e929,1.0,5.0,0.5,0.75,489,20,1.0,0.7475663421789571,0.2524336578210428,0.2524336578210428,2,3786.0,0,0.0,0.0,0,0.0,0,0.0,0.0,0,0.0,0,0.0,0.0,2,3786.0,0,0.0,0.0,0,0.0,0,0.0,0.0
balanced_active_f0f92d7aa17d,1.0,5.0,0.75,0.75,490,20,1.0,0.7116089884643595,0.2883910115356404,0.2883910115356404,1,4325.0,0,0.0,0.0,0,0.0,0,0.0,0.0,0,0.0,0,0.0,0.0,1,4325.0,0,0.0,0.0,0,0.0,0,0.0,0.0
balanced_active_49230a18dec9,1.0,5.0,1.0,0.75,491,20,1.0,0.6890918789171889,0.310908121082811,0.310908121082811,2,4663.0,0,0.0,0.0,0,0.0,0,0.0,0.0,0,0.0,0,0.0,0.0,2,4663.0,0,0.0,0.0,0,0.0,0,0.0,0.0
balanced_active_76fd504673c1,2.0,0.2,0.0,0.75,492,20,1.0,1.0,0.0,0.0,3,0.0,0,0.0,0.0,3,0.0,0,0.0,0.0,0,0.0,0,0.0,0.0,0,0.0,0,0.0,0.0,0,0.0,0,0.0,0.0
balanced_active_06592c9fa351,2.0,0.2,0.25,0.75,493,20,0.7535004667288971,0.9660621416188824,-0.2125616748899853,-0.2820989292982921,2,509.0,0,0.0,0.0,2,509.0,0,0.0,0.0,0,0.0,0,0.0,0.0,0,0.0,0,0.0,0.0,0,0.0,0,0.0,0.0
balanced_active_890720d49bf4,2.0,0.2,0.5,0.75,494,20,0.9666599986664,0.9666599986664,0.0,0.0,2,500.0,0,0.0,0.0,2,500.0,0,0.0,0.0,0,0.0,0,0.0,0.0,0,0.0,0,0.0,0.0,0,0.0,0,0.0,0.0
balanced_active_20d4f1599f76,2.0,0.2,0.75,0.75,495,20,0.9324531572981262,0.9661265586450624,-0.033673401346936,-0.0361127002288329,2,508.0,0,0.0,0.0,2,508.0,0,0.0,0.0,0,0.0,0,0.0,0.0,0,0.0,0,0.0,0.0,0,0.0,0,0.0,0.0
balanced_active_5515e1f7fe43,2.0,0.2,1.0,0.75,496,20,0.9666599986664,0.9666599986664,0.0,0.0,2,500.0,0,0.0,0.0,2,500.0,0,0.0,0.0,0,0.0,0,0.0,0.0,0,0.0,0,0.0,0.0,0,0.0,0,0.0,0.0
balanced_active_2b03f8802104,2.0,0.5,0.25,0.75,498,20,0.8653153753833844,0.9464595279370582,-0.0811441525536738,-0.0937740792109724,2,803.0,0,0.0,0.0,2,803.0,0,0.0,0.0,0,0.0,0,0.0,0.0,0,0.0,0,0.0,0.0,0,0.0,0,0.0,0.0
balanced_active_088c04779e6f,2.0,0.5,1.0,0.75,501,20,0.8212975928519037,0.9257851570314062,-0.1044875641795025,-0.127222537955671,2,1113.0,0,0.0,0.0,2,1113.0,0,0.0,0.0,0,0.0,0,0.0,0.0,0,0.0,0,0.0,0.0,0,0.0,0,0.0,0.0
balanced_active_ccb5f42c67f9,2.0,1.0,0.0,0.75,502,20,1.0,0.7354980664088545,0.2645019335911454,0.2645019335911454,3,3967.0,0,0.0,0.0,1,553.0,0,0.0,0.0,0,0.0,0,0.0,0.0,2,3414.0,0,0.0,0.0,0,0.0,0,0.0,0.0
balanced_active_bd8a9204c57f,2.0,1.0,0.25,0.75,503,20,1.0,0.8947192959061208,0.1052807040938791,0.1052807040938791,1,1579.0,0,0.0,0.0,0,0.0,0,0.0,0.0,0,0.0,0,0.0,0.0,1,1579.0,0,0.0,0.0,0,0.0,0,0.0,0.0
balanced_active_a653867c8644,2.0,1.0,0.5,0.75,504,20,1.0,0.8505034340201373,0.1494965659798626,0.1494965659798626,1,2242.0,0,0.0,0.0,0,0.0,0,0.0,0.0,0,0.0,0,0.0,0.0,1,2242.0,0,0.0,0.0,0,0.0,0,0.0,0.0
balanced_active_1d8fea831325,2.0,1.0,1.0,0.75,506,20,1.0,0.8026271921050876,0.1973728078949123,0.1973728078949123,2,2960.0,0,0.0,0.0,0,0.0,0,0.0,0.0,0,0.0,0,0.0,0.0,2,2960.0,0,0.0,0.0,0,0.0,0,0.0,0.0
balanced_active_3c5c842bcc17,2.0,2.0,0.0,0.75,507,20,1.0,0.8270436058141085,0.1729563941858914,0.1729563941858914,2,2594.0,0,0.0,0.0,0,0.0,0,0.0,0.0,0,0.0,0,0.0,0.0,2,2594.0,0,0.0,0.0,0,0.0,0,0.0,0.0
balanced_active_1df33a23825e,2.0,2.0,0.25,0.75,508,20,1.0,0.8293105747432991,0.1706894252567008,0.1706894252567008,2,2560.0,0,0.0,0.0,0,0.0,0,0.0,0.0,0,0.0,0,0.0,0.0,2,2560.0,0,0.0,0.0,0,0.0,0,0.0,0.0
balanced_active_4aba985e3a3f,2.0,2.0,0.5,0.75,509,20,0.9235847169433886,0.8902447156097886,0.0333400013336,0.0360984766442856,2,1646.0,0,0.0,0.0,0,0.0,0,0.0,0.0,0,0.0,0,0.0,0.0,2,1646.0,0,0.0,0.0,0,0.0,0,0.0,0.0
balanced_active_baf6dca145dd,2.0,2.0,0.75,0.75,510,20,1.0,0.7985731430857447,0.2014268569142552,0.2014268569142552,1,3021.0,0,0.0,0.0,0,0.0,0,0.0,0.0,0,0.0,0,0.0,0.0,1,3021.0,0,0.0,0.0,0,0.0,0,0.0,0.0
balanced_active_7238e3a2d1c3,2.0,2.0,1.0,0.75,511,20,1.0,0.8582383143295325,0.1417616856704674,0.1417616856704674,1,2126.0,0,0.0,0.0,0,0.0,0,0.0,0.0,0,0.0,0,0.0,0.0,1,2126.0,0,0.0,0.0,0,0.0,0,0.0,0.0
balanced_active_0c50fedbe19a,2.0,5.0,0.0,0.75,512,20,0.9204507568180302,0.9204507568180302,0.0,0.0,1,1193.0,0,0.0,0.0,0,0.0,0,0.0,0.0,0,0.0,0,0.0,0.0,1,1193.0,0,0.0,0.0,0,0.0,0,0.0,0.0
balanced_active_631f69e5084c,2.0,5.0,0.25,0.75,513,20,1.0,0.8103080410721429,0.189691958927857,0.189691958927857,2,2845.0,0,0.0,0.0,0,0.0,0,0.0,0.0,0,0.0,0,0.0,0.0,2,2845.0,0,0.0,0.0,0,0.0,0,0.0,0.0
balanced_active_050426926ad0,2.0,5.0,0.5,0.75,514,20,1.0,0.849856657110474,0.1501433428895259,0.1501433428895259,2,2252.0,0,0.0,0.0,0,0.0,0,0.0,0.0,0,0.0,0,0.0,0.0,2,2252.0,0,0.0,0.0,0,0.0,0,0.0,0.0
balanced_active_ac48b319d18a,2.0,5.0,0.75,0.75,515,20,1.0,0.8146543102873524,0.1853456897126475,0.1853456897126475,2,2780.0,0,0.0,0.0,0,0.0,0,0.0,0.0,0,0.0,0,0.0,0.0,2,2780.0,0,0.0,0.0,0,0.0,0,0.0,0.0
balanced_active_e8cac0643e2c,2.0,5.0,1.0,0.75,516,20,1.0,0.8175756767569009,0.182424323243099,0.182424323243099,2,2736.0,0,0.0,0.0,0,0.0,0,0.0,0.0,0,0.0,0,0.0,0.0,2,2736.0,0,0.0,0.0,0,0.0,0,0.0,0.0
balanced_active_82c638c29d42,4.0,0.2,0.25,0.75,518,20,0.9811974929990664,0.9478597146286172,0.0333377783704493,0.0339766240826311,2,782.0,0,0.0,0.0,0,0.0,0,0.0,0.0,0,0.0,0,0.0,0.0,2,782.0,0,0.0,0.0,0,0.0,0,0.0,0.0
balanced_active_55ac9eafd194,4.0,0.2,0.5,0.75,519,20,0.9645286038138418,0.9645286038138418,0.0,0.0,2,532.0,0,0.0,0.0,2,532.0,0,0.0,0.0,0,0.0,0,0.0,0.0,0,0.0,0,0.0,0.0,0,0.0,0,0.0,0.0
balanced_active_35e6a99c3ea5,4.0,0.2,0.75,0.75,520,20,1.0,0.8629817308974529,0.137018269102547,0.137018269102547,2,2055.0,0,0.0,0.0,0,0.0,0,0.0,0.0,0,0.0,0,0.0,0.0,2,2055.0,0,0.0,0.0,0,0.0,0,0.0,0.0
balanced_active_3e1041666aad,4.0,0.5,0.0,0.75,522,20,0.99666599986664,0.99666599986664,0.0,0.0,1,50.0,0,0.0,0.0,1,50.0,0,0.0,0.0,0,0.0,0,0.0,0.0,0,0.0,0,0.0,0.0,0,0.0,0,0.0,0.0
balanced_active_bae7d2f2ff83,4.0,0.5,0.25,0.75,523,20,0.98833099953324,0.95499099819964,0.0333400013336,0.0337336391849952,2,675.0,0,0.0,0.0,0,0.0,0,0.0,0.0,0,0.0,0,0.0,0.0,2,675.0,0,0.0,0.0,0,0.0,0,0.0,0.0
balanced_active_0aaff1a73646,4.0,0.5,0.5,0.75,524,20,0.9765286390611456,0.9765286390611456,0.0,0.0,1,352.0,0,0.0,0.0,0,0.0,0,0.0,0.0,0,0.0,0,0.0,0.0,1,352.0,0,0.0,0.0,0,0.0,0,0.0,0.0
balanced_active_bb06bb6967e9,4.0,0.5,1.0,0.75,526,20,0.9661265586450624,0.9661265586450624,0.0,0.0,2,508.0,0,0.0,0.0,2,508.0,0,0.0,0.0,0,0.0,0,0.0,0.0,0,0.0,0,0.0,0.0,0,0.0,0,0.0,0.0
balanced_active_d3b3c3bba9dd,4.0,1.0,0.5,0.75,529,20,0.967660198706408,0.9343201973728078,0.0333400013336,0.0344542447629547,2,985.0,0,0.0,0.0,0,0.0,0,0.0,0.0,0,0.0,0,0.0,0.0,2,985.0,0,0.0,0.0,0,0.0,0,0.0,0.0
balanced_active_a8775a2147e8,4.0,1.0,0.75,0.75,530,20,0.9871982931057474,0.953860514735298,0.0333377783704493,0.0337700932054572,2,692.0,0,0.0,0.0,0,0.0,0,0.0,0.0,0,0.0,0,0.0,0.0,2,692.0,0,0.0,0.0,0,0.0,0,0.0,0.0
balanced_active_0b764f814a6c,4.0,1.0,1.0,0.75,531,20,1.0,0.8666399946655997,0.1333600053344002,0.1333600053344002,2,2000.0,0,0.0,0.0,0,0.0,0,0.0,0.0,0,0.0,0,0.0,0.0,2,2000.0,0,0.0,0.0,0,0.0,0,0.0,0.0
balanced_active_02f1e132fb59,4.0,2.0,0.0,0.75,532,20,1.0,0.8610388744415549,0.138961125558445,0.138961125558445,2,2084.0,0,0.0,0.0,0,0.0,0,0.0,0.0,0,0.0,0,0.0,0.0,2,2084.0,0,0.0,0.0,0,0.0,0,0.0,0.0
balanced_active_b67312a9d4a9,4.0,2.0,0.25,0.75,533,20,1.0,0.8225763435124683,0.1774236564875316,0.1774236564875316,2,2661.0,0,0.0,0.0,0,0.0,0,0.0,0.0,0,0.0,0,0.0,0.0,2,2661.0,0,0.0,0.0,0,0.0,0,0.0,0.0
balanced_active_b483f54ab1f0,4.0,2.0,1.0,0.75,536,20,1.0,0.8056277922251116,0.1943722077748883,0.1943722077748883,2,2915.0,0,0.0,0.0,0,0.0,0,0.0,0.0,0,0.0,0,0.0,0.0,2,2915.0,0,0.0,0.0,0,0.0,0,0.0,0.0
balanced_active_3829a7a05bfd,4.0,5.0,0.0,0.75,537,20,1.0,0.7006934257901053,0.2993065742098946,0.2993065742098946,2,4489.0,0,0.0,0.0,0,0.0,0,0.0,0.0,0,0.0,0,0.0,0.0,2,4489.0,0,0.0,0.0,0,0.0,0,0.0,0.0
balanced_active_8e02f77387f1,4.0,5.0,0.75,0.75,540,20,1.0,0.8934453557378143,0.1065546442621857,0.1065546442621857,2,1598.0,0,0.0,0.0,0,0.0,0,0.0,0.0,0,0.0,0,0.0,0.0,2,1598.0,0,0.0,0.0,0,0.0,0,0.0,0.0
balanced_active_36d0a0afeb3c,4.0,5.0,1.0,0.75,541,20,1.0,0.8527038741081548,0.147296125891845,0.147296125891845,2,2209.0,0,0.0,0.0,0,0.0,0,0.0,0.0,0,0.0,0,0.0,0.0,2,2209.0,0,0.0,0.0,0,0.0,0,0.0,0.0
balanced_active_acfabada22c9,0.25,0.2,0.0,0.5,542,20,0.1667000066680002,0.1667000066680002,0.0,0.0,5,12497.0,0,0.0,0.0,3,2638.0,0,0.0,0.0,1,106.0,0,0.0,0.0,1,9753.0,0,0.0,0.0,0,0.0,0,0.0,0.0
balanced_active_1f7d36a4defe,0.25,0.2,0.25,0.5,543,20,0.0,0.0,0.0,0.0,10,14997.0,0,0.0,0.0,10,14997.0,0,0.0,0.0,0,0.0,0,0.0,0.0,0,0.0,0,0.0,0.0,0,0.0,0,0.0,0.0
balanced_active_1a27a9d5f2ed,0.25,0.2,0.5,0.5,544,20,0.0,0.0,0.0,0.0,10,14996.0,0,0.0,0.0,10,14996.0,0,0.0,0.0,0,0.0,0,0.0,0.0,0,0.0,0,0.0,0.0,0,0.0,0,0.0,0.0
balanced_active_d49ba57574e5,0.25,0.2,1.0,0.5,546,20,0.8957930528701913,0.8957930528701913,0.0,0.0,6,1563.0,0,0.0,0.0,6,1563.0,0,0.0,0.0,0,0.0,0,0.0,0.0,0,0.0,0,0.0,0.0,0,0.0,0,0.0,0.0
balanced_active_065e5d08bf50,0.25,0.5,0.0,0.5,547,20,0.0,0.0,0.0,0.0,10,14998.0,0,0.0,0.0,10,14998.0,0,0.0,0.0,0,0.0,0,0.0,0.0,0,0.0,0,0.0,0.0,0,0.0,0,0.0,0.0
balanced_active_2559ec205716,0.25,0.5,0.25,0.5,548,20,0.9642619015868782,0.9642619015868782,0.0,0.0,2,536.0,0,0.0,0.0,2,536.0,0,0.0,0.0,0,0.0,0,0.0,0.0,0,0.0,0,0.0,0.0,0,0.0,0,0.0,0.0
balanced_active_215f7d943acd,0.25,0.5,0.5,0.5,549,20,0.1197492999066542,0.1197492999066542,0.0,0.0,7,13202.0,0,0.0,0.0,6,3581.0,0,0.0,0.0,0,0.0,0,0.0,0.0,1,9621.0,0,0.0,0.0,0,0.0,0,0.0,0.0
balanced_active_68a3a92ce4fb,0.25,0.5,0.75,0.5,550,20,0.0,0.0,0.0,0.0,10,14997.0,0,0.0,0.0,10,14997.0,0,0.0,0.0,0,0.0,0,0.0,0.0,0,0.0,0,0.0,0.0,0,0.0,0,0.0,0.0
balanced_active_8fd7fe8dacd9,0.25,0.5,1.0,0.5,551,20,0.0,0.0,0.0,0.0,10,14997.0,0,0.0,0.0,10,14997.0,0,0.0,0.0,0,0.0,0,0.0,0.0,0,0.0,0,0.0,0.0,0,0.0,0,0.0,0.0
balanced_active_6a2e88522e6b,0.25,1.0,0.0,0.5,552,20,0.0,0.0,0.0,0.0,10,14997.0,0,0.0,0.0,10,14997.0,0,0.0,0.0,0,0.0,0,0.0,0.0,0,0.0,0,0.0,0.0,0,0.0,0,0.0,0.0
balanced_active_6e2c0ed209a8,0.25,1.0,0.25,0.5,553,20,0.0,0.0,0.0,0.0,10,14998.0,0,0.0,0.0,10,14998.0,0,0.0,0.0,0,0.0,0,0.0,0.0,0,0.0,0,0.0,0.0,0,0.0,0,0.0,0.0
balanced_active_38b0be7e582d,0.25,1.0,0.5,0.5,554,20,0.0,0.0,0.0,0.0,10,14997.0,0,0.0,0.0,10,14997.0,0,0.0,0.0,0,0.0,0,0.0,0.0,0,0.0,0,0.0,0.0,0,0.0,0,0.0,0.0
balanced_active_2daada90dddc,0.25,1.0,0.75,0.5,555,20,0.0,0.0,0.0,0.0,10,14998.0,0,0.0,0.0,10,14998.0,0,0.0,0.0,0,0.0,0,0.0,0.0,0,0.0,0,0.0,0.0,0,0.0,0,0.0,0.0
balanced_active_2ac5136d61a1,0.25,1.0,1.0,0.5,556,20,0.0,0.0,0.0,0.0,10,14996.0,0,0.0,0.0,10,14996.0,0,0.0,0.0,0,0.0,0,0.0,0.0,0,0.0,0,0.0,0.0,0,0.0,0,0.0,0.0
balanced_active_4c4387d8a348,0.25,2.0,0.0,0.5,557,20,0.0,0.0,0.0,0.0,10,14997.0,0,0.0,0.0,10,14997.0,0,0.0,0.0,0,0.0,0,0.0,0.0,0,0.0,0,0.0,0.0,0,0.0,0,0.0,0.0
balanced_active_8f413a447433,0.25,2.0,0.25,0.5,558,20,0.0,0.0,0.0,0.0,10,14996.0,0,0.0,0.0,10,14996.0,0,0.0,0.0,0,0.0,0,0.0,0.0,0,0.0,0,0.0,0.0,0,0.0,0,0.0,0.0
balanced_active_3ae8ecf2dc4e,0.25,2.0,0.5,0.5,559,20,0.0,0.0,0.0,0.0,10,14998.0,0,0.0,0.0,10,14998.0,0,0.0,0.0,0,0.0,0,0.0,0.0,0,0.0,0,0.0,0.0,0,0.0,0,0.0,0.0
balanced_active_f39ffd6153ec,0.25,2.0,0.75,0.5,560,20,0.0,0.0,0.0,0.0,10,14998.0,0,0.0,0.0,10,14998.0,0,0.0,0.0,0,0.0,0,0.0,0.0,0,0.0,0,0.0,0.0,0,0.0,0,0.0,0.0
balanced_active_0b62a5ca8827,0.25,2.0,1.0,0.5,561,20,0.0,0.0,0.0,0.0,10,14998.0,0,0.0,0.0,10,14998.0,0,0.0,0.0,0,0.0,0,0.0,0.0,0,0.0,0,0.0,0.0,0,0.0,0,0.0,0.0
balanced_active_5b2bdc5b4e3c,0.25,5.0,0.0,0.5,562,20,0.0,0.0,0.0,0.0,10,14998.0,0,0.0,0.0,10,14998.0,0,0.0,0.0,0,0.0,0,0.0,0.0,0,0.0,0,0.0,0.0,0,0.0,0,0.0,0.0
balanced_active_9e7132e9130f,0.25,5.0,0.25,0.5,563,20,0.0,0.0,0.0,0.0,10,14997.0,0,0.0,0.0,10,14997.0,0,0.0,0.0,0,0.0,0,0.0,0.0,0,0.0,0,0.0,0.0,0,0.0,0,0.0,0.0
balanced_active_a25bda154156,0.25,5.0,0.5,0.5,564,20,0.0,0.0,0.0,0.0,10,14997.0,0,0.0,0.0,10,14997.0,0,0.0,0.0,0,0.0,0,0.0,0.0,0,0.0,0,0.0,0.0,0,0.0,0,0.0,0.0
balanced_active_8d6f6430348a,0.25,5.0,0.75,0.5,565,20,0.0,0.0,0.0,0.0,10,14997.0,0,0.0,0.0,10,14997.0,0,0.0,0.0,0,0.0,0,0.0,0.0,0,0.0,0,0.0,0.0,0,0.0,0,0.0,0.0
balanced_active_1c0666cb071b,0.25,5.0,1.0,0.5,566,20,0.0,0.0,0.0,0.0,10,14998.0,0,0.0,0.0,10,14998.0,0,0.0,0.0,0,0.0,0,0.0,0.0,0,0.0,0,0.0,0.0,0,0.0,0,0.0,0.0
balanced_active_3e0d27b727a4,0.5,0.2,0.0,0.5,567,20,0.936058141085478,0.936058141085478,0.0,0.0,4,959.0,0,0.0,0.0,3,919.0,0,0.0,0.0,1,40.0,0,0.0,0.0,0,0.0,0,0.0,0.0,0,0.0,0,0.0,0.0
balanced_active_eb8da3029ca5,0.5,0.2,0.25,0.5,568,20,0.5998533039941321,0.5998533039941321,0.0,0.0,6,6001.0,0,0.0,0.0,4,5471.0,0,0.0,0.0,2,530.0,0,0.0,0.0,0,0.0,0,0.0,0.0,0,0.0,0,0.0,0.0
balanced_active_7b7fd69b9869,0.5,0.2,0.5,0.5,569,20,0.9235847169433886,0.957991598319664,-0.0344068813762752,-0.0372536278969027,2,630.0,0,0.0,0.0,2,630.0,0,0.0,0.0,0,0.0,0,0.0,0.0,0,0.0,0,0.0,0.0,0,0.0,0,0.0,0.0
balanced_active_8be66d2b0403,0.5,0.2,0.75,0.5,570,20,0.9666644442962864,0.9666644442962864,0.0,0.0,2,500.0,0,0.0,0.0,2,500.0,0,0.0,0.0,0,0.0,0,0.0,0.0,0,0.0,0,0.0,0.0,0,0.0,0,0.0,0.0
balanced_active_19f8b4a55267,0.5,0.2,1.0,0.5,571,20,0.9005801160232046,0.9005801160232046,0.0,0.0,4,1491.0,0,0.0,0.0,4,1491.0,0,0.0,0.0,0,0.0,0,0.0,0.0,0,0.0,0,0.0,0.0,0,0.0,0,0.0,0.0
balanced_active_0b5d9973390d,0.5,0.5,0.0,0.5,572,20,1.0,0.5167033406681336,0.4832966593318663,0.4832966593318663,3,7248.0,0,0.0,0.0,2,602.0,0,0.0,0.0,0,0.0,0,0.0,0.0,1,6646.0,0,0.0,0.0,0,0.0,0,0.0,0.0
balanced_active_9a06e9ec56c1,0.5,0.5,0.25,0.5,573,20,0.0,0.0,0.0,0.0,10,14998.0,0,0.0,0.0,6,6925.0,0,0.0,0.0,2,2730.0,0,0.0,0.0,2,5343.0,0,0.0,0.0,0,0.0,0,0.0,0.0
balanced_active_0d1ed1a6afc5,0.5,0.5,0.75,0.5,575,20,0.5732764368582477,0.5732764368582477,0.0,0.0,6,6400.0,0,0.0,0.0,6,6400.0,0,0.0,0.0,0,0.0,0,0.0,0.0,0,0.0,0,0.0,0.0,0,0.0,0,0.0,0.0
balanced_active_8d5f16ccec26,0.5,0.5,1.0,0.5,576,20,1.0,0.6039471929590612,0.3960528070409387,0.3960528070409387,2,5940.0,0,0.0,0.0,0,0.0,0,0.0,0.0,0,0.0,0,0.0,0.0,2,5940.0,0,0.0,0.0,0,0.0,0,0.0,0.0
balanced_active_a6ef4c38b971,0.5,1.0,0.0,0.5,577,20,0.0,0.0,0.0,0.0,10,14997.0,0,0.0,0.0,6,6107.0,0,0.0,0.0,2,2926.0,0,0.0,0.0,2,5964.0,0,0.0,0.0,0,0.0,0,0.0,0.0
balanced_active_84042dd775d2,0.5,1.0,0.25,0.5,578,20,0.0,0.0,0.0,0.0,10,14999.0,0,0.0,0.0,10,14999.0,0,0.0,0.0,0,0.0,0,0.0,0.0,0,0.0,0,0.0,0.0,0,0.0,0,0.0,0.0
balanced_active_8cd33b590f41,0.5,1.0,0.5,0.5,579,20,0.0,0.0,0.0,0.0,10,14997.0,0,0.0,0.0,10,14997.0,0,0.0,0.0,0,0.0,0,0.0,0.0,0,0.0,0,0.0,0.0,0,0.0,0,0.0,0.0
balanced_active_e923ddd15e4c,0.5,1.0,0.75,0.5,580,20,0.6585983863439354,0.9271187570847502,-0.2685203707408148,-0.4077148931861901,2,1093.0,0,0.0,0.0,2,1093.0,0,0.0,0.0,0,0.0,0,0.0,0.0,0,0.0,0,0.0,0.0,0,0.0,0,0.0,0.0
balanced_active_7184340a8e47,0.5,1.0,1.0,0.5,581,20,0.8939929328621908,0.8939929328621908,0.0,0.0,2,1590.0,0,0.0,0.0,2,1590.0,0,0.0,0.0,0,0.0,0,0.0,0.0,0,0.0,0,0.0,0.0,0,0.0,0,0.0,0.0
balanced_active_332e176f9400,0.5,2.0,0.0,0.5,582,20,0.9189837967593518,0.9189837967593518,0.0,0.0,1,1215.0,0,0.0,0.0,1,1215.0,0,0.0,0.0,0,0.0,0,0.0,0.0,0,0.0,0,0.0,0.0,0,0.0,0,0.0,0.0
balanced_active_50288441cdd9,0.5,2.0,0.25,0.5,583,20,0.0,0.0,0.0,0.0,10,14997.0,0,0.0,0.0,10,14997.0,0,0.0,0.0,0,0.0,0,0.0,0.0,0,0.0,0,0.0,0.0,0,0.0,0,0.0,0.0
balanced_active_420462119f30,0.5,2.0,0.5,0.5,584,20,0.9301860372074414,0.9301860372074414,0.0,0.0,2,1047.0,0,0.0,0.0,2,1047.0,0,0.0,0.0,0,0.0,0,0.0,0.0,0,0.0,0,0.0,0.0,0,0.0,0,0.0,0.0
balanced_active_99ea33902ece,0.5,2.0,0.75,0.5,585,20,0.0,0.0,0.0,0.0,10,14998.0,0,0.0,0.0,10,14998.0,0,0.0,0.0,0,0.0,0,0.0,0.0,0,0.0,0,0.0,0.0,0,0.0,0,0.0,0.0
balanced_active_f4b05a3ce708,0.5,2.0,1.0,0.5,586,20,0.0,0.0,0.0,0.0,10,14997.0,0,0.0,0.0,10,14997.0,0,0.0,0.0,0,0.0,0,0.0,0.0,0,0.0,0,0.0,0.0,0,0.0,0,0.0,0.0
balanced_active_124c915e5a69,0.5,5.0,0.0,0.5,587,20,0.0,0.0,0.0,0.0,10,14998.0,0,0.0,0.0,10,14998.0,0,0.0,0.0,0,0.0,0,0.0,0.0,0,0.0,0,0.0,0.0,0,0.0,0,0.0,0.0
balanced_active_e17a123c5a68,0.5,5.0,0.25,0.5,588,20,0.0,0.0,0.0,0.0,10,14998.0,0,0.0,0.0,6,8366.0,0,0.0,0.0,2,1563.0,0,0.0,0.0,2,5069.0,0,0.0,0.0,0,0.0,0,0.0,0.0
balanced_active_7a1d46c941db,0.5,5.0,0.5,0.5,589,20,0.0,0.8433791172156287,-0.8433791172156287,0.0,2,2349.0,0,0.0,0.0,2,2349.0,0,0.0,0.0,0,0.0,0,0.0,0.0,0,0.0,0,0.0,0.0,0,0.0,0,0.0,0.0
balanced_active_92b8a544f2ef,0.5,5.0,0.75,0.5,590,20,0.0,0.0,0.0,0.0,10,14997.0,0,0.0,0.0,10,14997.0,0,0.0,0.0,0,0.0,0,0.0,0.0,0,0.0,0,0.0,0.0,0,0.0,0,0.0,0.0
balanced_active_3fbb5d07bbe3,0.5,5.0,1.0,0.5,591,20,0.1691558874516602,0.1358181090812108,0.0333377783704493,0.197083169097359,8,12961.0,0,0.0,0.0,6,7609.0,0,0.0,0.0,0,0.0,0,0.0,0.0,2,5352.0,0,0.0,0.0,0,0.0,0,0.0,0.0
balanced_active_c34142bdc704,1.0,0.2,0.0,0.5,592,20,0.9997999866657776,0.9997999866657776,0.0,0.0,2,3.0,0,0.0,0.0,2,3.0,0,0.0,0.0,0,0.0,0,0.0,0.0,0,0.0,0,0.0,0.0,0,0.0,0,0.0,0.0
balanced_active_07b2207b1745,1.0,0.2,0.5,0.5,594,20,0.9327243632484332,0.9660621416188824,-0.0333377783704493,-0.0357423690042175,2,509.0,0,0.0,0.0,2,509.0,0,0.0,0.0,0,0.0,0,0.0,0.0,0,0.0,0,0.0,0.0,0,0.0,0,0.0,0.0
balanced_active_580dbaf74b12,1.0,0.2,0.75,0.5,595,20,0.8973264884325621,0.8973264884325621,0.0,0.0,4,1540.0,0,0.0,0.0,4,1540.0,0,0.0,0.0,0,0.0,0,0.0,0.0,0,0.0,0,0.0,0.0,0,0.0,0,0.0,0.0
balanced_active_8afbd39b0fcd,1.0,0.5,0.0,0.5,597,20,0.8634393545375741,0.890378075615123,-0.0269387210775488,-0.0311993204108425,2,1644.0,0,0.0,0.0,2,1644.0,0,0.0,0.0,0,0.0,0,0.0,0.0,0,0.0,0,0.0,0.0,0,0.0,0,0.0,0.0
balanced_active_d53ffc24b302,1.0,0.5,0.25,0.5,598,20,1.0,0.7297946118965057,0.2702053881034942,0.2702053881034942,2,4052.0,0,0.0,0.0,0,0.0,0,0.0,0.0,0,0.0,0,0.0,0.0,2,4052.0,0,0.0,0.0,0,0.0,0,0.0,0.0
balanced_active_242b301d29d8,1.0,0.5,0.5,0.5,599,20,1.0,0.6605773718247883,0.3394226281752116,0.3394226281752116,2,5091.0,0,0.0,0.0,0,0.0,0,0.0,0.0,0,0.0,0,0.0,0.0,2,5091.0,0,0.0,0.0,0,0.0,0,0.0,0.0
balanced_active_f1fd4292435e,1.0,1.0,0.0,0.5,602,20,0.797759551910382,0.8873107954924317,-0.0895512435820497,-0.1122534269475091,1,1690.0,0,0.0,0.0,1,1690.0,0,0.0,0.0,0,0.0,0,0.0,0.0,0,0.0,0,0.0,0.0,0,0.0,0,0.0,0.0
balanced_active_17109bd206c9,1.0,1.0,1.0,0.5,606,20,0.9536543078154174,0.9536543078154174,0.0,0.0,2,695.0,0,0.0,0.0,2,695.0,0,0.0,0.0,0,0.0,0,0.0,0.0,0,0.0,0,0.0,0.0,0,0.0,0,0.0,0.0
balanced_active_d4f7ad6f5aa7,1.0,2.0,0.25,0.5,608,20,1.0,0.8192971927718877,0.1807028072281122,0.1807028072281122,1,2710.0,0,0.0,0.0,0,0.0,0,0.0,0.0,0,0.0,0,0.0,0.0,1,2710.0,0,0.0,0.0,0,0.0,0,0.0,0.0
balanced_active_38c16e45d40b,1.0,2.0,0.75,0.5,610,20,0.8841768353670734,0.8841768353670734,0.0,0.0,2,1737.0,0,0.0,0.0,2,1737.0,0,0.0,0.0,0,0.0,0,0.0,0.0,0,0.0,0,0.0,0.0,0,0.0,0,0.0,0.0
balanced_active_a9ff491b08d6,1.0,2.0,1.0,0.5,611,20,1.0,0.7487497499499899,0.25125025005001,0.25125025005001,2,3768.0,0,0.0,0.0,0,0.0,0,0.0,0.0,0,0.0,0,0.0,0.0,2,3768.0,0,0.0,0.0,0,0.0,0,0.0,0.0
balanced_active_3de97741c608,1.0,5.0,0.0,0.5,612,20,1.0,0.0,1.0,1.0,10,14998.0,0,0.0,0.0,0,0.0,0,0.0,0.0,2,1643.0,0,0.0,0.0,8,13355.0,0,0.0,0.0,0,0.0,0,0.0,0.0
balanced_active_6818b45c1476,1.0,5.0,0.25,0.5,613,20,1.0,0.7741032137618349,0.225896786238165,0.225896786238165,1,3388.0,0,0.0,0.0,0,0.0,0,0.0,0.0,0,0.0,0,0.0,0.0,1,3388.0,0,0.0,0.0,0,0.0,0,0.0,0.0
balanced_active_bac800d53fa2,2.0,0.2,0.0,0.5,617,20,1.0,0.7265151010067337,0.2734848989932662,0.2734848989932662,1,4102.0,0,0.0,0.0,0,0.0,0,0.0,0.0,0,0.0,0,0.0,0.0,1,4102.0,0,0.0,0.0,0,0.0,0,0.0,0.0
balanced_active_54bcc5a642e7,2.0,0.2,0.25,0.5,618,20,0.8910521402853713,0.8910521402853713,0.0,0.0,6,1634.0,0,0.0,0.0,4,1133.0,0,0.0,0.0,2,501.0,0,0.0,0.0,0,0.0,0,0.0,0.0,0,0.0,0,0.0,0.0
balanced_active_ba1f66591ba3,2.0,0.2,1.0,0.5,621,20,0.926256834244566,0.995332711028137,-0.0690758767835711,-0.07457529513389,1,70.0,0,0.0,0.0,0,0.0,0,0.0,0.0,1,70.0,0,0.0,0.0,0,0.0,0,0.0,0.0,0,0.0,0,0.0,0.0
balanced_active_5ed7b31d17b9,2.0,0.5,0.0,0.5,622,20,0.9552607014268568,0.9552607014268568,0.0,0.0,1,671.0,0,0.0,0.0,1,671.0,0,0.0,0.0,0,0.0,0,0.0,0.0,0,0.0,0,0.0,0.0,0,0.0,0,0.0,0.0
balanced_active_ff7a9fd9e314,2.0,0.5,0.25,0.5,623,20,0.930724096546206,0.964995332711028,-0.0342712361648219,-0.0368221219285049,2,525.0,0,0.0,0.0,2,525.0,0,0.0,0.0,0,0.0,0,0.0,0.0,0,0.0,0,0.0,0.0,0,0.0,0,0.0,0.0
balanced_active_11b9392c1dc2,2.0,0.5,1.0,0.5,626,20,0.9661265586450624,0.9661265586450624,0.0,0.0,2,508.0,0,0.0,0.0,2,508.0,0,0.0,0.0,0,0.0,0,0.0,0.0,0,0.0,0,0.0,0.0,0,0.0,0,0.0,0.0
balanced_active_fb250a67e3db,2.0,2.0,0.0,0.5,632,20,1.0,0.7855047339645286,0.2144952660354713,0.2144952660354713,2,3217.0,0,0.0,0.0,1,544.0,0,0.0,0.0,0,0.0,0,0.0,0.0,1,2673.0,0,0.0,0.0,0,0.0,0,0.0,0.0
balanced_active_83339ddd1523,2.0,2.0,0.25,0.5,633,20,0.9197839567913582,0.9197839567913582,0.0,0.0,2,1203.0,0,0.0,0.0,2,1203.0,0,0.0,0.0,0,0.0,0,0.0,0.0,0,0.0,0,0.0,0.0,0,0.0,0,0.0,0.0
balanced_active_f57c431ab15b,2.0,5.0,0.0,0.5,637,20,1.0,0.7968927118757084,0.2031072881242915,0.2031072881242915,2,3046.0,0,0.0,0.0,0,0.0,0,0.0,0.0,0,0.0,0,0.0,0.0,2,3046.0,0,0.0,0.0,0,0.0,0,0.0,0.0
balanced_active_dedb93accfcc,2.0,5.0,0.5,0.5,639,20,1.0,0.8234980329399213,0.1765019670600786,0.1765019670600786,2,2647.0,0,0.0,0.0,0,0.0,0,0.0,0.0,0,0.0,0,0.0,0.0,2,2647.0,0,0.0,0.0,0,0.0,0,0.0,0.0
balanced_active_30da43c4543c,2.0,5.0,1.0,0.5,641,20,0.9192505167700206,0.8859105154364206,0.0333400013336,0.0362686783693602,2,1711.0,0,0.0,0.0,0,0.0,0,0.0,0.0,0,0.0,0,0.0,0.0,2,1711.0,0,0.0,0.0,0,0.0,0,0.0,0.0
balanced_active_63aaa63becf0,4.0,0.2,0.25,0.5,643,20,1.0,0.9201173568046942,0.0798826431953057,0.0798826431953057,2,1198.0,0,0.0,0.0,0,0.0,0,0.0,0.0,0,0.0,0,0.0,0.0,2,1198.0,0,0.0,0.0,0,0.0,0,0.0,0.0
balanced_active_99f9f6ec8232,4.0,0.2,0.5,0.5,644,20,0.9665288705160688,0.9665288705160688,0.0,0.0,2,502.0,0,0.0,0.0,2,502.0,0,0.0,0.0,0,0.0,0,0.0,0.0,0,0.0,0,0.0,0.0,0,0.0,0,0.0,0.0
balanced_active_873d422f52f5,4.0,1.0,0.0,0.5,652,20,0.9739965328710494,0.9739965328710494,0.0,0.0,1,390.0,0,0.0,0.0,0,0.0,0,0.0,0.0,0,0.0,0,0.0,0.0,1,390.0,0,0.0,0.0,0,0.0,0,0.0,0.0
balanced_active_3175695c48a1,4.0,1.0,0.75,0.5,655,20,0.968395786104814,0.8993199093212428,0.0690758767835711,0.0713302120627926,4,1510.0,0,0.0,0.0,2,536.0,0,0.0,0.0,0,0.0,0,0.0,0.0,2,974.0,0,0.0,0.0,0,0.0,0,0.0,0.0
balanced_active_67ef0ab83f66,4.0,1.0,1.0,0.5,656,20,1.0,0.7449659954660621,0.2550340045339378,0.2550340045339378,1,3825.0,0,0.0,0.0,0,0.0,0,0.0,0.0,0,0.0,0,0.0,0.0,1,3825.0,0,0.0,0.0,0,0.0,0,0.0,0.0
balanced_active_607d54f6629d,4.0,2.0,0.5,0.5,659,20,1.0,0.8717076748683069,0.128292325131693,0.128292325131693,2,1924.0,0,0.0,0.0,0,0.0,0,0.0,0.0,0,0.0,0,0.0,0.0,2,1924.0,0,0.0,0.0,0,0.0,0,0.0,0.0
balanced_active_bf51fe047ca4,4.0,5.0,0.25,0.5,663,20,1.0,0.8436458194425923,0.1563541805574076,0.1563541805574076,2,2345.0,0,0.0,0.0,0,0.0,0,0.0,0.0,0,0.0,0,0.0,0.0,2,2345.0,0,0.0,0.0,0,0.0,0,0.0,0.0
