kappa,concentration,mu,monotonicity,seed,delta_control,delta_treatment,delta_reduction,relief_ratio,phi_control,phi_treatment,control_run_id,control_status,treatment_run_id,treatment_status
0.25,0.2,0,0,42,0.5176635889201124046567643517,0.5176635889201124046567643517,0E-28,0,0.4823364110798875953432356483,0.4823364110798875953432356483,comparison_control_5f5f18ee7fa1,completed,comparison_treatment_fb197ddf6081,completed
0.25,0.2,0.25,0,43,0.4912157413914265635980323261,0.4912157413914265635980323261,0E-28,0,0.5087842586085734364019676739,0.5087842586085734364019676739,comparison_control_34cac33513d0,completed,comparison_treatment_d4dff37851b4,completed
0.25,0.2,0.5,0,44,0.5796766743648960739030023095,0.5796766743648960739030023095,0E-28,0,0.4203233256351039260969976905,0.4203233256351039260969976905,comparison_control_f384e2126685,completed,comparison_treatment_a519822abb36,completed
0.25,0.2,0.75,0,45,0.5041172926290419763004619401,0.3659369351275356497288612171,0.1381803575015063265716007230,0.2741035856573705179282868525,0.4958827073709580236995380599,0.6340630648724643502711387829,comparison_control_97005d580e18,completed,comparison_treatment_fd7761dbf234,completed
0.25,0.2,1,0,46,0.6149829282988551918055834505,0.6149829282988551918055834505,0E-28,0,0.3850170717011448081944165495,0.3850170717011448081944165495,comparison_control_e35a8c5ff3a2,completed,comparison_treatment_2e09431fc427,completed
0.25,0.5,0,0,47,0.1023606228026117528879959819,0.1023606228026117528879959819,0E-28,0,0.8976393771973882471120040181,0.8976393771973882471120040181,comparison_control_03292067dca1,completed,comparison_treatment_a1c7006249d4,completed
0.25,0.5,0.25,0,48,0.1968448553054662379421221865,0.1968448553054662379421221865,0E-28,0,0.8031551446945337620578778135,0.8031551446945337620578778135,comparison_control_3ffdf6fcb3dd,completed,comparison_treatment_56be77b3c572,completed
0.25,0.5,0.5,0,49,0.1781083525982510805106040808,0.1781083525982510805106040808,0E-28,0,0.8218916474017489194893959192,0.8218916474017489194893959192,comparison_control_6f42f6b761b3,completed,comparison_treatment_cf525cf0b4c0,completed
0.25,0.5,0.75,0,50,0.4288585209003215434083601286,0.2716036977491961414790996785,0.1572548231511254019292604501,0.3666822867853795688847235238,0.5711414790996784565916398714,0.7283963022508038585209003215,comparison_control_9d3769143cd9,completed,comparison_treatment_0c77cc1e97a2,completed
0.25,0.5,1,0,51,0.3840820018088634308109737715,0.3016782232941412923324289016,0.0824037785147221384785448699,0.2145473574045002616431187861,0.6159179981911365691890262285,0.6983217767058587076675710984,comparison_control_91d9eb743d90,completed,comparison_treatment_b552532a5cd6,completed
0.25,1,0,0,52,0.05247285886610373944511459590,0.05247285886610373944511459590,0E-29,0,0.9475271411338962605548854041,0.9475271411338962605548854041,comparison_control_8a0c7d323f03,completed,comparison_treatment_9c864bf0a6f7,completed
0.25,1,0.25,0,53,0.06302774427020506634499396865,0.06302774427020506634499396865,0E-29,0,0.9369722557297949336550060314,0.9369722557297949336550060314,comparison_control_f840e2e85d17,completed,comparison_treatment_043d2269a900,completed
0.25,1,0.5,0,54,0.1150211140156846973657751860,0.1150211140156846973657751860,0E-28,0,0.8849788859843153026342248140,0.8849788859843153026342248140,comparison_control_f0ac6007c26a,completed,comparison_treatment_a206b4295cf7,completed
0.25,1,0.75,0,55,0.08919054801407742584213172449,0.04655605832076420311714429362,0.04263448969331322272498743087,0.4780157835400225479143179256,0.9108094519859225741578682755,0.9534439416792357968828557064,comparison_control_ebd291890c05,completed,comparison_treatment_726d7c2f9a2b,completed
0.25,1,1,0,56,0.1055064308681672025723472669,0.05516479099678456591639871383,0.05034163987138263665594855307,0.4771428571428571428571428572,0.8944935691318327974276527331,0.9448352090032154340836012862,comparison_control_bb648d7a89b5,completed,comparison_treatment_45405ed32473,completed
0.25,2,0,0,57,0,0,0,0,1,1,comparison_control_2fccd651a294,completed,comparison_treatment_f4fdff12f698,completed
0.25,2,0.25,0,58,0,0,0,0,1,1,comparison_control_08a4e4ea30cf,completed,comparison_treatment_32d1a84a69db,completed
0.25,2,0.5,0,59,0.04636427637533943477823594489,0.04636427637533943477823594489,0E-29,0,0.9536357236246605652217640551,0.9536357236246605652217640551,comparison_control_1d0bc3ae93de,completed,comparison_treatment_4dbecd20782f,completed
0.25,2,0.75,0,60,0,0,0,0,1,1,comparison_control_83b861ac6859,completed,comparison_treatment_88d890fa7a79,completed
0.25,2,1,0,61,0.04672427652733118971061093247,0,0.04672427652733118971061093247,1,0.9532757234726688102893890675,1,comparison_control_d357788ce354,completed,comparison_treatment_1f6e7c3a3d09,completed
0.25,5,0,0,62,0,0,0,0,1,1,comparison_control_6e8f867bc083,completed,comparison_treatment_b9502137c023,completed
0.25,5,0.25,0,63,0,0,0,0,1,1,comparison_control_dd74d58793b0,completed,comparison_treatment_5046c846f5d9,completed
0.25,5,0.5,0,64,0,0,0,0,1,1,comparison_control_5602fdbd90d2,completed,comparison_treatment_7e283b34d895,completed
0.25,5,0.75,0,65,0,0,0,0,1,1,comparison_control_52f4cb3fd249,completed,comparison_treatment_f2c315bfb342,completed
0.25,5,1,0,66,0,0,0,0,1,1,comparison_control_731d1bdd9c99,completed,comparison_treatment_3051ebb4ac4c,completed
0.5,0.2,0,0,67,0.6507426736250501806503412284,0.6507426736250501806503412284,0E-28,0,0.3492573263749498193496587716,0.3492573263749498193496587716,comparison_control_5e9b14530545,completed,comparison_treatment_baf3b053542b,completed
0.5,0.2,0.25,0,68,0.7201807228915662650602409639,0.6988955823293172690763052209,0.0212851405622489959839357430,0.02955527673219015753520144992,0.2798192771084337349397590361,0.3011044176706827309236947791,comparison_control_8763d46f6ae2,completed,comparison_treatment_430071c5bb50,completed
0.5,0.2,0.5,0,69,0.7123493975903614457831325301,0.6492971887550200803212851406,0.0630522088353413654618473895,0.08851303735024665257223396750,0.2876506024096385542168674699,0.3507028112449799196787148594,comparison_control_1beab3011713,completed,comparison_treatment_b31c95d54218,completed
0.5,0.2,0.75,0,70,0.6862390846130683529057512797,0.6643581250627321088025695072,0.0218809595503362441031817725,0.03188532982302179318414509279,0.3137609153869316470942487203,0.3356418749372678911974304928,comparison_control_014e02fedeb9,completed,comparison_treatment_18e0a3ead849,completed
0.5,0.2,1,0,71,0.7739086803813346713497240341,0.5853487205218263923733065730,0.1885599598595082789764174611,0.2436462655601659751037344398,0.2260913196186653286502759659,0.4146512794781736076266934270,comparison_control_768f56337fe1,completed,comparison_treatment_09c356b1d3fb,completed
0.5,0.5,0,0,72,0.4803015075376884422110552764,0.4382914572864321608040201005,0.0420100502512562814070351759,0.08746599707051684452814396321,0.5196984924623115577889447236,0.5617085427135678391959798995,comparison_control_5cf001732102,completed,comparison_treatment_fbb81d756d68,completed
0.5,0.5,0.25,0,73,0.4875891870163802632901215958,0.4396543060998894583458948849,0.0479348809164908049442267109,0.09830997526793075020610057712,0.5124108129836197367098784042,0.5603456939001105416541051151,comparison_control_e0d596eec10a,completed,comparison_treatment_b9cf426ce81d,completed
0.5,0.5,0.5,0,74,0.4286144880940419973877222948,0.3774741284034964332362101879,0.0511403596905455641515121069,0.1193155180496952648851383029,0.5713855119059580026122777052,0.6225258715965035667637898121,comparison_control_e4ed881046db,completed,comparison_treatment_7b2d999f1611,completed
0.5,0.5,0.75,0,75,0.5649422400803616273229532898,0.5173279758915118031140130588,0.0476142641888498242089402310,0.08428165007112375533428165000,0.4350577599196383726770467102,0.4826720241084881968859869412,comparison_control_af53b296a838,completed,comparison_treatment_6ca197637ea0,completed
0.5,0.5,1,0,76,0.4293609324758842443729903537,0.3078778135048231511254019293,0.1214831189710610932475884244,0.2829393868476480224666510647,0.5706390675241157556270096463,0.6921221864951768488745980707,comparison_control_3a75d45e2233,completed,comparison_treatment_6315f4734668,completed
0.5,1,0,0,77,0.2679935665460394049055086450,0.2679935665460394049055086450,0E-28,0,0.7320064334539605950944913550,0.7320064334539605950944913550,comparison_control_a299422adf6d,completed,comparison_treatment_d0743471d6f8,completed
0.5,1,0.25,0,78,0.3050251256281407035175879397,0.2596984924623115577889447236,0.0453266331658291457286432161,0.1485996705107084019769357497,0.6949748743718592964824120603,0.7403015075376884422110552764,comparison_control_6c54ea0a80ee,completed,comparison_treatment_70fffdc04dfa,completed
0.5,1,0.5,0,79,0.4536869600160739401245730360,0.3659835242113723126381354229,0.0877034358047016274864376131,0.1933126660761736049601417185,0.5463130399839260598754269640,0.6340164757886276873618645771,comparison_control_9b700748f458,completed,comparison_treatment_3f79acb940ad,completed
0.5,1,0.75,0,80,0.4250100522718134298351427423,0.3004624045034177724165661439,0.1245476477683956574185765984,0.2930463576158940397350993379,0.5749899477281865701648572577,0.6995375954965822275834338561,comparison_control_712f1ab47251,completed,comparison_treatment_4420e603e5e3,completed
0.5,1,1,0,81,0.4254421221864951768488745981,0.2740152733118971061093247588,0.1514268488745980707395498393,0.3559282002834199338686820975,0.5745578778135048231511254019,0.7259847266881028938906752412,comparison_control_33f2f34c73d6,completed,comparison_treatment_80e2d1f9a5ef,completed
0.5,2,0,0,82,0.06459065796082370668006027120,0.03244600703164239075841285790,0.03214465092918131592164741330,0.4976671850699844479004665622,0.9354093420391762933199397288,0.9675539929683576092415871421,comparison_control_2737a75d51c6,completed,comparison_treatment_3427ef888708,completed
0.5,2,0.25,0,83,0.1441495778045838359469240048,0.05780056292722155207076799356,0.08634901487736228387615601124,0.5990237099023709902370990237,0.8558504221954161640530759952,0.9421994370727784479292320064,comparison_control_cce59ac7fb7e,completed,comparison_treatment_501a21b46572,completed
0.5,2,0.5,0,84,0.08967527897858650849502362521,0.03950939981904091685935457928,0.05016587915954559163566904593,0.5594170403587443946188340806,0.9103247210214134915049763748,0.9604906001809590831406454207,comparison_control_ef0d61c75c23,completed,comparison_treatment_f09140e19658,completed
0.5,2,0.75,0,85,0.1610893377549994975379358858,0.1155662747462566576223495126,0.0455230630087428399155863732,0.2825951341235184029943855270,0.8389106622450005024620641142,0.8844337252537433423776504874,comparison_control_dc90008f7397,completed,comparison_treatment_5b89c942e76a,completed
0.5,2,1,0,86,0.2153336012861736334405144695,0.02461816720257234726688102894,0.1907154340836012861736334406,0.8856742883807746150256649559,0.7846663987138263665594855305,0.9753818327974276527331189711,comparison_control_7d88c8d04e9f,completed,comparison_treatment_0c1bc858a556,completed
0.5,5,0,0,87,0,0,0,0,1,1,comparison_control_1aecc9a82759,completed,comparison_treatment_644cb179d77d,completed
0.5,5,0.25,0,88,0.02090032154340836012861736334,0,0.02090032154340836012861736334,1,0.9790996784565916398713826367,1,comparison_control_be382fecb9d3,completed,comparison_treatment_29ad0a15349a,completed
0.5,5,0.5,0,89,0.02180685358255451713395638629,0,0.02180685358255451713395638629,1,0.9781931464174454828660436137,1,comparison_control_cab813e5cafc,completed,comparison_treatment_32e539ccfcb4,completed
0.5,5,0.75,0,90,0.02512815358327470097497235903,0,0.02512815358327470097497235903,1,0.9748718464167252990250276410,1,comparison_control_9f2c9c14422b,completed,comparison_treatment_5210553ac1fb,completed
0.5,5,1,0,91,0,0,0,0,1,1,comparison_control_a3791eefad79,completed,comparison_treatment_f6276c59f04b,completed
1,0.2,0,0,92,0.8487099688786266439112538902,0.8141752836060636482280895492,0.0345346852725629956831643410,0.04069079725573692926425360784,0.1512900311213733560887461098,0.1858247163939363517719104508,comparison_control_4d32322c5c06,completed,comparison_treatment_df1cb7eac845,completed
1,0.2,0.25,0,93,0.8857200241012251456115685881,0.8857200241012251456115685881,0E-28,0,0.1142799758987748543884314119,0.1142799758987748543884314119,comparison_control_a970ce60f78b,completed,comparison_treatment_60e7c8d235e8,completed
1,0.2,0.5,0,94,0.8279461955430636418389881550,0.7478417988355751857056815900,0.0801043967074884561333065650,0.09675072744907856450048496612,0.1720538044569363581610118450,0.2521582011644248142943184100,comparison_control_eea84c337e64,completed,comparison_treatment_d79e793baaff,completed
1,0.2,0.75,0,95,0.8517068273092369477911646586,0.7751004016064257028112449799,0.0766064257028112449799196787,0.08994459507249793705057173168,0.1482931726907630522088353414,0.2248995983935742971887550201,comparison_control_c8a7e2f32d0e,completed,comparison_treatment_62cfcc1405f1,completed
1,0.2,1,0,96,0.8714730394617933527462596646,0.7673461190882618736820965960,0.1041269203735314790641630686,0.1194838114990206244959096670,0.1285269605382066472537403354,0.2326538809117381263179034040,comparison_control_5cc7a1671c76,completed,comparison_treatment_3dc00c10801c,completed
1,0.5,0,0,97,0.6392042600221038882748919924,0.6392042600221038882748919924,0E-28,0,0.3607957399778961117251080076,0.3607957399778961117251080076,comparison_control_fcb15c1401ea,completed,comparison_treatment_f502c9a95d96,completed
1,0.5,0.25,0,98,0.6988133547868061142397425583,0.6988133547868061142397425583,0E-28,0,0.3011866452131938857602574417,0.3011866452131938857602574417,comparison_control_53d3b4f29008,completed,comparison_treatment_ad64b38fd5da,completed
1,0.5,0.5,0,99,0.7510298402491711041896915503,0.6013262332964935195418466794,0.1497036069526775846478448709,0.1993311036789297658862876254,0.2489701597508288958103084497,0.3986737667035064804581533206,comparison_control_4a64f1d23ce5,completed,comparison_treatment_6bd980725f3d,completed
1,0.5,0.75,0,100,0.8002209722780233025311370028,0.7395540377661711530735235034,0.0606669345118521494576134994,0.07581272750094138320572360990,0.1997790277219766974688629972,0.2604459622338288469264764966,comparison_control_f7ce336592a6,completed,comparison_treatment_3ec4bb1d92f3,completed
1,0.5,1,0,101,0.8301014769416256405103988747,0.6098663719481563347734351452,0.2202351049934693057369637295,0.2653110626966836117162914548,0.1698985230583743594896011253,0.3901336280518436652265648548,comparison_control_644d0197f4c1,completed,comparison_treatment_14ee6fed8366,completed
1,1,0,0,102,0.4336816720257234726688102894,0.3640474276527331189710610932,0.0696342443729903536977491962,0.1605653382761816496756255794,0.5663183279742765273311897106,0.6359525723472668810289389068,comparison_control_05e783597b85,completed,comparison_treatment_439c626c5777,completed
1,1,0.25,0,103,0.4456729319529600964921097598,0.3842597245954367273092773143,0.0614132073575233691828324455,0.1377988272440234551195308977,0.5543270680470399035078902402,0.6157402754045632726907226857,comparison_control_97c93b17d369,completed,comparison_treatment_3e206837bfda,completed
1,1,0.5,0,104,0.5929087987143431096826034552,0.4748895138609883487344314986,0.1180192848533547609481719566,0.1990513298322886667796035914,0.4070912012856568903173965448,0.5251104861390116512655685014,comparison_control_05986b07a124,completed,comparison_treatment_eeb5efc91d67,completed
1,1,0.75,0,105,0.6624773778403378242509551579,0.4653126885179971847979087070,0.1971646893223406394530464509,0.2976172408559720746699043862,0.3375226221596621757490448421,0.5346873114820028152020912930,comparison_control_70bd807ba80b,completed,comparison_treatment_db14d85ae27b,completed
1,1,1,0,106,0.7013770228163634536134284853,0.4554226555432706804703990351,0.2459543672730927731430294502,0.3506735454284895385497277157,0.2986229771836365463865715147,0.5445773444567293195296009649,comparison_control_3c4aa0ccab0c,completed,comparison_treatment_340b6081023e,completed
1,2,0,0,107,0.3358464012866907921190188983,0.3358464012866907921190188983,0E-28,0,0.6641535987133092078809811017,0.6641535987133092078809811017,comparison_control_138e331be562,completed,comparison_treatment_461a06db4228,completed
1,2,0.25,0,108,0.4283703629234945209610937971,0.3352769679300291545189504373,0.0930933949934653664421433598,0.2173198779629195024642102793,0.5716296370765054790389062029,0.6647230320699708454810495627,comparison_control_7a1624351c10,completed,comparison_treatment_e67a9856c416,completed
1,2,0.5,0,109,0.4337858220211161387631975867,0.3018602312719959778783308195,0.1319255907491201608848667672,0.3041261010662957811775614279,0.5662141779788838612368024133,0.6981397687280040221216691805,comparison_control_dc96c48c3a57,completed,comparison_treatment_775970de9153,completed
1,2,0.75,0,110,0.5674643072591996782626181379,0.3638648702996179368590388096,0.2035994369595817414035793283,0.3587880935506732813607370658,0.4325356927408003217373818621,0.6361351297003820631409611904,comparison_control_074a1548f2ff,completed,comparison_treatment_fd6075bfc7c9,completed
1,2,1,0,111,0.6204885895244797426359706444,0.3309540564994470694681813612,0.2895345330250326731677892832,0.4666234607906675307841866494,0.3795114104755202573640293556,0.6690459435005529305318186388,comparison_control_2200913e947b,completed,comparison_treatment_892fa8a31f86,completed
1,5,0,0,112,0.04581533206068522053652165180,0.04581533206068522053652165180,0E-29,0,0.9541846679393147794634783482,0.9541846679393147794634783482,comparison_control_2c74ba56d226,completed,comparison_treatment_39749c8f7d24,completed
1,5,0.25,0,113,0.1681407035175879396984924623,0.1346733668341708542713567839,0.0334673366834170854271356784,0.1990436341900777047220561866,0.8318592964824120603015075377,0.8653266331658291457286432161,comparison_control_bd3fb044178b,completed,comparison_treatment_475a95625fbe,completed
1,5,0.5,0,114,0.2746733668341708542713567839,0.06984924623115577889447236183,0.2048241206030150753768844221,0.7457006952067325283571167216,0.7253266331658291457286432161,0.9301507537688442211055276382,comparison_control_71b414e8f582,completed,comparison_treatment_e25281813aab,completed
1,5,0.75,0,115,0.4307104813586574213646869661,0.1277258566978193146417445483,0.3029846246608381067229424178,0.7034531031264582361175921605,0.5692895186413425786353130339,0.8722741433021806853582554517,comparison_control_0d19bb16bb8f,completed,comparison_treatment_de64f478efd4,completed
1,5,1,0,116,0.5422280313693947315503720088,0.1458877940880756082847375829,0.3963402372813191232656344259,0.7309475245688855924346374931,0.4577719686306052684496279912,0.8541122059119243917152624171,comparison_control_e685927fc523,completed,comparison_treatment_1ed7c86919e2,completed
2,0.2,0,0,117,0.9235246888799678843837816138,0.9235246888799678843837816138,0E-28,0,0.07647531112003211561621838619,0.07647531112003211561621838619,comparison_control_85b7333e7337,completed,comparison_treatment_6f87b0b28299,completed
2,0.2,0.25,0,118,0.9341695935775213246362267938,0.9203211239337681886603110888,0.0138484696437531359759157050,0.01482436351917499194328069614,0.06583040642247867536377320621,0.07967887606623181133968891118,comparison_control_6d0225dcd490,completed,comparison_treatment_40ddc73c2ef7,completed
2,0.2,0.5,0,119,0.9313459801264679313459801265,0.9123757904245709123757904246,0.0189701897018970189701897019,0.02036857419980601357904946654,0.06865401987353206865401987353,0.08762420957542908762420957544,comparison_control_81bca5d020fa,completed,comparison_treatment_9e62db0a14cd,completed
2,0.2,0.75,0,120,0.9133011854530841872614024513,0.8749246534056660638939119952,0.0383765320474181233674904561,0.04201957980420195798042019580,0.08669881454691581273859754872,0.1250753465943339361060880048,comparison_control_3dc6c8f88bc8,completed,comparison_treatment_5c6b9b737a32,completed
2,0.2,1,0,121,0.9404678245156108824415219355,0.8140748920791085232406384901,0.1263929324365023592008834454,0.1343936806148590947907771135,0.05953217548438911755847806445,0.1859251079208914767593615099,comparison_control_33a34a1f28fb,completed,comparison_treatment_2f868b12d320,completed
2,0.5,0,0,122,0.8121608040201005025125628141,0.8121608040201005025125628141,0E-28,0,0.1878391959798994974874371859,0.1878391959798994974874371859,comparison_control_271c0dfee480,completed,comparison_treatment_0221521f3c84,completed
2,0.5,0.25,0,123,0.8065521053160486383278062506,0.7584162395739121696311928449,0.0481358657421364686966134057,0.05968103663094941440318963371,0.1934478946839513616721937494,0.2415837604260878303688071551,comparison_control_b8470b33c023,completed,comparison_treatment_9011e0984c57,completed
2,0.5,0.5,0,124,0.8860416038589086523967440458,0.8046427494724148326801326500,0.0813988543864938197166113958,0.09186798230690711126233412721,0.1139583961410913476032559542,0.1953572505275851673198673500,comparison_control_e2b521456178,completed,comparison_treatment_c1942f1c74a0,completed
2,0.5,0.75,0,125,0.9117587939698492462311557789,0.7319597989949748743718592965,0.1797989949748743718592964824,0.1972001763668430335097001764,0.08824120603015075376884422111,0.2680402010050251256281407035,comparison_control_63047cf76ca3,completed,comparison_treatment_12093181682a,completed
2,0.5,1,0,126,0.9062688366485834840265220012,0.6877637130801687763713080169,0.2185051235684147076552139843,0.2411040904556035916195543731,0.09373116335141651597347799879,0.3122362869198312236286919831,comparison_control_998e60d262e8,completed,comparison_treatment_2e9b60a6ccc1,completed
2,1,0,0,127,0.6825444678926741031052155562,0.6567179177972063109235252738,0.0258265500954677921816902824,0.03783863368669022379269729096,0.3174555321073258968947844438,0.3432820822027936890764747262,comparison_control_41b006f34ae9,completed,comparison_treatment_977d7f36893e,completed
2,1,0.25,0,128,0.7374346602332127060715721753,0.6813429835142742259750703659,0.0560916767189384800965018094,0.07606324972737186477644492911,0.2625653397667872939284278247,0.3186570164857257740249296341,comparison_control_e19b021e5813,completed,comparison_treatment_c5d327a05dde,completed
2,1,0.5,0,129,0.8167102352704604866277900664,0.7288357128493866881158254575,0.0878745224210737985119646089,0.1075957158685214822110057860,0.1832897647295395133722099336,0.2711642871506133118841745425,comparison_control_e8dbeca02963,completed,comparison_treatment_b6162e055ba9,completed
2,1,0.75,0,130,0.8689183755528749497386409329,0.6778246883795737836751105750,0.1910936871733011660635303579,0.2199213327163350300786672837,0.1310816244471250502613590671,0.3221753116204262163248894250,comparison_control_0d276acabdfb,completed,comparison_treatment_87c290481bab,completed
2,1,1,0,131,0.8906642548487589187016380263,0.6831474223696110943623756406,0.2075168324791478243392623857,0.2329910865395464289743879048,0.1093357451512410812983619737,0.3168525776303889056376243594,comparison_control_00b2d850311d,completed,comparison_treatment_1bcb63d283c2,completed
2,2,0,0,132,0.5096916741990559405443406649,0.5026614442101034448126945867,0.0070302299889524957316460782,0.01379310344827586206896551737,0.4903083258009440594556593351,0.4973385557898965551873054133,comparison_control_77bfa1a09732,completed,comparison_treatment_6d10bc8ed7ce,completed
2,2,0.25,0,133,0.6575879396984924623115577889,0.5665326633165829145728643216,0.0910552763819095477386934673,0.1384685923888124713434204493,0.3424120603015075376884422111,0.4334673366834170854271356784,comparison_control_6b991b772042,completed,comparison_treatment_128104b200e6,completed
2,2,0.5,0,134,0.7863677490700713783050165879,0.6619081129988941389363627224,0.1244596360711772393686538655,0.1582715418051649194579391460,0.2136322509299286216949834121,0.3380918870011058610636372776,comparison_control_6d36721cc611,completed,comparison_treatment_ddea94061805,completed
2,2,0.75,0,135,0.8443216080402010050251256281,0.5814070351758793969849246231,0.2629145728643216080402010050,0.3113915010117843113915010118,0.1556783919597989949748743719,0.4185929648241206030150753769,comparison_control_25f92c567460,completed,comparison_treatment_2cb9f06d5830,completed
2,2,1,0,136,0.8735932475884244372990353698,0.6178657556270096463022508039,0.2557274919614147909967845659,0.2927306188175753393144697492,0.1264067524115755627009646302,0.3821342443729903536977491961,comparison_control_629b93b2cfc1,completed,comparison_treatment_10b750e8f395,completed
2,5,0,0,137,0.3218309859154929577464788732,0.3218309859154929577464788732,0E-28,0,0.6781690140845070422535211268,0.6781690140845070422535211268,comparison_control_e03277375557,completed,comparison_treatment_6eedbba24a7a,completed
2,5,0.25,0,138,0.5537456008044243338360985420,0.4847662141779788838612368024,0.0689793866264454499748617396,0.1245687307063737061921191212,0.4462543991955756661639014580,0.5152337858220211161387631976,comparison_control_ea51f065338a,completed,comparison_treatment_f391c4c150d0,completed
2,5,0.5,0,139,0.6764528453649708425497687513,0.4875326764528453649708425498,0.1889201689121254775789262015,0.2792806183115338882282996433,0.3235471546350291574502312487,0.5124673235471546350291574502,comparison_control_62b7e19fd45d,completed,comparison_treatment_d82bd4524670,completed
2,5,0.75,0,140,0.8644084832646497135390491507,0.4654739169765805608603879787,0.3989345662880691526786611720,0.4615116279069767441860465116,0.1355915167353502864609508493,0.5345260830234194391396120213,comparison_control_3e1b32ced3f9,completed,comparison_treatment_c2e85f98c5a2,completed
2,5,1,0,141,0.9415251682909675474731236813,0.4906058474831709032452526876,0.4509193208077966442278709937,0.4789243410521822644328246719,0.05847483170903245252687631870,0.5093941525168290967547473124,comparison_control_d624d23824c1,completed,comparison_treatment_ad0a046fb520,completed
4,0.2,0,0,142,0.9595381526104417670682730924,0.9515060240963855421686746988,0.0080321285140562248995983936,0.008370827665585434759861881370,0.04046184738955823293172690763,0.04849397590361445783132530120,comparison_control_fca405d9f97f,completed,comparison_treatment_231287e64d19,completed
4,0.2,0.25,0,143,0.9481875690330354453258359273,0.8793051511195903203132844663,0.0688824179134451250125514610,0.07264640474425500370644922166,0.05181243096696455467416407270,0.1206948488804096796867155337,comparison_control_f368d2f82ebd,completed,comparison_treatment_4a10cef3ba23,completed
4,0.2,0.5,0,144,0.9763052208835341365461847390,0.9263052208835341365461847390,0.0500000000000000000000000000,0.05121349238996297819827231592,0.02369477911646586345381526104,0.07369477911646586345381526104,comparison_control_d6981c93a0c6,completed,comparison_treatment_8bbe69e9d9e8,completed
4,0.2,0.75,0,145,0.9686904164576016056196688409,0.9012543903662819869543401907,0.0674360260913196186653286502,0.06961566352429296591733139949,0.03130958354239839438033115906,0.09874560963371801304565980933,comparison_control_a5d65425dbe7,completed,comparison_treatment_70b2ca38dfbf,completed
4,0.2,1,0,146,0.9636728549924736578023080783,0.9054691419969894631209232313,0.0582037129954841946813848470,0.06039779235655524315318129755,0.03632714500752634219769192173,0.09453085800301053687907676870,comparison_control_6dcb4dc7767e,completed,comparison_treatment_4823362235c8,completed
4,0.5,0,0,147,0.8591535136221976475319191716,0.8140142756610033175831909118,0.0451392379611943299487282598,0.05253919962555581558623917625,0.1408464863778023524680808284,0.1859857243389966824168090882,comparison_control_e9667d886731,completed,comparison_treatment_e4b8b725ba48,completed
4,0.5,0.25,0,148,0.8945622675645793547090159815,0.8656146346366468991858478239,0.0289476329279324555231681576,0.03235955056179775280898876404,0.1054377324354206452909840185,0.1343853653633531008141521761,comparison_control_e12996a74514,completed,comparison_treatment_a9ddc3ff0627,completed
4,0.5,0.5,0,149,0.9306950582563278425070309361,0.8558658095620731217356368019,0.0748292486942547207713941342,0.08040146773149147420677746602,0.06930494174367215749296906388,0.1441341904379268782643631981,comparison_control_cfaff51bb13b,completed,comparison_treatment_04e05f0e5d82,completed
4,0.5,0.75,0,150,0.9561720948934459187776437475,0.7985524728588661037394451146,0.1576196220345798150381986329,0.1648444070647603027754415475,0.04382790510655408122235625251,0.2014475271411338962605548854,comparison_control_428c3c8f4646,completed,comparison_treatment_fd8a3c948396,completed
4,0.5,1,0,151,0.9644185345260830234194391396,0.8037993768217911347874158207,0.1606191577042918886320233189,0.1665450755601875977071391349,0.03558146547391697658056086039,0.1962006231782088652125841793,comparison_control_dd55f90d52b4,completed,comparison_treatment_3765bceeb64c,completed
4,1,0,0,152,0.8202010050251256281407035176,0.8117587939698492462311557789,0.0084422110552763819095477387,0.01029285626761426295797083692,0.1797989949748743718592964824,0.1882412060301507537688442211,comparison_control_480dddbe92da,completed,comparison_treatment_a40948d7d74a,completed
4,1,0.25,0,153,0.9004520341536916122551481668,0.7353088900050226017076845806,0.1651431441486690105474635862,0.1834002677376171352074966533,0.09954796584630838774485183324,0.2646911099949773982923154194,comparison_control_2461e109d0f3,completed,comparison_treatment_f3d1937c6892,completed
4,1,0.5,0,154,0.9403015075376884422110552764,0.7935678391959798994974874372,0.1467336683417085427135678392,0.1560495938435228730226592561,0.05969849246231155778894472362,0.2064321608040201005025125628,comparison_control_c1ec93ac5b36,completed,comparison_treatment_9b212114639e,completed
4,1,0.75,0,155,0.9583877776660970951854457734,0.7972660568901397125339230073,0.1611217207759573826515227661,0.1681174619821709491347666492,0.04161222233390290481455422656,0.2027339431098602874660769927,comparison_control_f2160464022c,completed,comparison_treatment_1e0e55d5c799,completed
4,1,1,0,156,0.9607271996785857774206508638,0.7930895942145439935717155484,0.1676376054640417838489353154,0.1744903293256664924202822792,0.03927280032141422257934913620,0.2069104057854560064282844516,comparison_control_fb445af1f9ec,completed,comparison_treatment_609bfc6e3c1b,completed
4,2,0,0,157,0.6973168525776303889056376244,0.6806351120490402974575419556,0.0166817405285900914480956688,0.02392275544026516789162703563,0.3026831474223696110943623756,0.3193648879509597025424580444,comparison_control_befe58afaff2,completed,comparison_treatment_4cb55f3ac7c0,completed
4,2,0.25,0,158,0.8316075198552327334874836634,0.7080526791997587212224791394,0.1235548406554740122650045240,0.1485735009671179883945841393,0.1683924801447672665125163366,0.2919473208002412787775208606,comparison_control_979676994cc4,completed,comparison_treatment_fd267597467f,completed
4,2,0.5,0,159,0.9345925851502059680498342208,0.7968451723098563247262132020,0.1377474128403496433236210188,0.1473876585680498817458611052,0.06540741484979403195016577916,0.2031548276901436752737867980,comparison_control_27539ff7d75a,completed,comparison_treatment_c4d4f3dab290,completed
4,2,0.75,0,160,0.9687625552430695058256327843,0.7565287263961430293290478104,0.2122338288469264764965849739,0.2190772420943494038361845516,0.03123744475693049417436721575,0.2434712736038569706709521896,comparison_control_bad7b8ec3774,completed,comparison_treatment_4f3f0b58b3c6,completed
4,2,1,0,161,0.9702512562814070351758793970,0.6896482412060301507537688442,0.2806030150753768844221105528,0.2892065465092189765900145018,0.02974874371859296482412060302,0.3103517587939698492462311558,comparison_control_b56c32a44ba6,completed,comparison_treatment_7353894f9279,completed
4,5,0,0,162,0.5393969849246231155778894472,0.4957788944723618090452261307,0.0436180904522613065326633165,0.08086454257499534190422955081,0.4606030150753768844221105528,0.5042211055276381909547738693,comparison_control_f4d89abf6807,completed,comparison_treatment_b910444c6b83,completed
4,5,0.25,0,163,0.7990151743543362476133051955,0.5875791377750979801025022611,0.2114360365792382675108029344,0.2646208024147905923783171928,0.2009848256456637523866948045,0.4124208622249020198974977389,comparison_control_8d325a9f61c5,completed,comparison_treatment_0445e7812d8f,completed
4,5,0.5,0,164,0.9370727784479292320064334540,0.6739043023723361479694410937,0.2631684760755930840369923603,0.2808410212400772366444968891,0.06292722155207076799356654603,0.3260956976276638520305589063,comparison_control_530c5267a3ce,completed,comparison_treatment_908b22699236,completed
4,5,0.75,0,165,0.9845257234726688102893890675,0.7074959807073954983922829582,0.2770297427652733118971061093,0.2813839559093692590324556032,0.01547427652733118971061093248,0.2925040192926045016077170418,comparison_control_613aff3b5b01,completed,comparison_treatment_0ed70903af75,completed
4,5,1,0,166,0.9853251583073675746306161423,0.5664890943813448587797768620,0.4188360639260227158508392803,0.4250739569519534836274609813,0.01467484169263242536938385767,0.4335109056186551412202231380,comparison_control_d0d83af3a164,completed,comparison_treatment_b461591c8d04,completed
